network,station,location,channel_pattern,provider,fdsn_source,split_role
AM,R0BD5,00,EH?,RASPISHAKE,https://data.raspberryshake.org/fdsnws/dataselect/1/query,final
AM,R0ECF,00,EH?,RASPISHAKE,https://data.raspberryshake.org/fdsnws/dataselect/1/query,final
AM,R2004,00,EH?,RASPISHAKE,https://data.raspberryshake.org/fdsnws/dataselect/1/query,final
AM,R24AE,00,EH?,RASPISHAKE,https://data.raspberryshake.org/fdsnws/dataselect/1/query,final
AM,R3B66,00,EH?,RASPISHAKE,https://data.raspberryshake.org/fdsnws/dataselect/1/query,final
AM,R4DE2,00,EH?,RASPISHAKE,https://data.raspberryshake.org/fdsnws/dataselect/1/query,final
AM,R53B7,00,EH?,RASPISHAKE,https://data.raspberryshake.org/fdsnws/dataselect/1/query,final
AM,R5C4C,00,EH?,RASPISHAKE,https://data.raspberryshake.org/fdsnws/dataselect/1/query,final
AM,R663D,00,EH?,RASPISHAKE,https://data.raspberryshake.org/fdsnws/dataselect/1/query,final
AM,R686A,00,EH?,RASPISHAKE,https://data.raspberryshake.org/fdsnws/dataselect/1/query,final
AM,R6928,00,EH?,RASPISHAKE,https://data.raspberryshake.org/fdsnws/dataselect/1/query,final
AM,R77C3,00,EH?,RASPISHAKE,https://data.raspberryshake.org/fdsnws/dataselect/1/query,final
AM,R7813,00,EH?,RASPISHAKE,https://data.raspberryshake.org/fdsnws/dataselect/1/query,final
AM,R7BF6,00,EH?,RASPISHAKE,https://data.raspberryshake.org/fdsnws/dataselect/1/query,final
AM,R81CF,00,EH?,RASPISHAKE,https://data.raspberryshake.org/fdsnws/dataselect/1/query,final
AM,R8219,00,EH?,RASPISHAKE,https://data.raspberryshake.org/fdsnws/dataselect/1/query,final
AM,R87FD,00,EH?,RASPISHAKE,https://data.raspberryshake.org/fdsnws/dataselect/1/query,final
AM,R8A9B,00,EH?,RASPISHAKE,https://data.raspberryshake.org/fdsnws/dataselect/1/query,final
AM,R8D8E,00,EH?,RASPISHAKE,https://data.raspberryshake.org/fdsnws/dataselect/1/query,final
AM,R92E0,00,EH?,RASPISHAKE,https://data.raspberryshake.org/fdsnws/dataselect/1/query,final
AM,R976A,00,EH?,RASPISHAKE,https://data.raspberryshake.org/fdsnws/dataselect/1/query,final
AM,R985F,00,EH?,RASPISHAKE,https://data.raspberryshake.org/fdsnws/dataselect/1/query,final
AM,R9F13,00,EH?,RASPISHAKE,https://data.raspberryshake.org/fdsnws/dataselect/1/query,final
AM,RA825,00,EH?,RASPISHAKE,https://data.raspberryshake.org/fdsnws/dataselect/1/query,final
AM,RAB7F,00,EH?,RASPISHAKE,https://data.raspberryshake.org/fdsnws/dataselect/1/query,final
AM,RAC20,00,EH?,RASPISHAKE,https://data.raspberryshake.org/fdsnws/dataselect/1/query,final
AM,RB0FB,00,EH?,RASPISHAKE,https://data.raspberryshake.org/fdsnws/dataselect/1/query,final
AM,RB53D,00,EH?,RASPISHAKE,https://data.raspberryshake.org/fdsnws/dataselect/1/query,final
AM,RC131,00,EH?,RASPISHAKE,https://data.raspberryshake.org/fdsnws/dataselect/1/query,final
AM,RC2BF,00,EH?,RASPISHAKE,https://data.raspberryshake.org/fdsnws/dataselect/1/query,final
AM,RCBF0,00,EH?,RASPISHAKE,https://data.raspberryshake.org/fdsnws/dataselect/1/query,final
AM,RCCE6,00,EH?,RASPISHAKE,https://data.raspberryshake.org/fdsnws/dataselect/1/query,final
AM,RD349,00,EH?,RASPISHAKE,https://data.raspberryshake.org/fdsnws/dataselect/1/query,final
AM,RE8DB,00,EH?,RASPISHAKE,https://data.raspberryshake.org/fdsnws/dataselect/1/query,final
