seed,metric,lambda0_method,lambda05_method,lambda0_mean,lambda05_mean,difference_lambda05_minus_lambda0
42,clean_snr_gain_db,exp5_p0_seed42_e015,exp5_p05_seed42_e020,0.2514640849291293,-0.210821329839584,-0.4622854147687133
42,amplitude_ratio_clean,exp5_p0_seed42_e015,exp5_p05_seed42_e020,0.6189676216146087,1.0582573903067147,0.439289768692106
42,waveform_correlation_z,exp5_p0_seed42_e015,exp5_p05_seed42_e020,0.35030141699228606,0.3756408899759555,0.025339472983669453
42,background_suppression_db,exp5_p0_seed42_e015,exp5_p05_seed42_e020,9.647388914498388,5.860908999285189,-3.7864799152131985
43,clean_snr_gain_db,exp5_p0_seed43_e008,exp5_p05_seed43_e022,-0.08588047322629874,-0.14872580231563248,-0.06284532908933374
43,amplitude_ratio_clean,exp5_p0_seed43_e008,exp5_p05_seed43_e022,1.1080798972398043,1.06453061836096,-0.0435492788788443
43,waveform_correlation_z,exp5_p0_seed43_e008,exp5_p05_seed43_e022,0.40846716463046534,0.3918152175524738,-0.016651947077991558
43,background_suppression_db,exp5_p0_seed43_e008,exp5_p05_seed43_e022,5.321636040406274,5.871046983114576,0.5494109427083025
44,clean_snr_gain_db,exp5_p0_seed44_e013,exp5_p05_seed44_e014,-0.009333607457222672,-0.09771699856789437,-0.0883833911106717
44,amplitude_ratio_clean,exp5_p0_seed44_e013,exp5_p05_seed44_e014,0.9047218633213026,0.9526212237702281,0.04789936044892551
44,waveform_correlation_z,exp5_p0_seed44_e013,exp5_p05_seed44_e014,0.34451713951719726,0.37696482026875416,0.03244768075155691
44,background_suppression_db,exp5_p0_seed44_e013,exp5_p05_seed44_e014,8.16436534737171,6.500577129005409,-1.6637882183663013
