lag_seconds,station_median_acf,station_q25_acf,station_q75_acf
0.00,1.0000000000,1.0000000000,1.0000000000
0.01,0.7617254380,0.6697359012,0.8423964611
0.02,0.1931928490,-0.0534603646,0.4712678592
0.03,-0.3555183370,-0.5769100231,0.1267418293
0.04,-0.3764358885,-0.5721958145,0.0327377367
0.05,-0.1252054217,-0.3358946111,0.2719983075
0.06,0.1848188414,-0.0503382550,0.4172675297
0.07,0.2040762374,0.1033572978,0.3995496119
0.08,0.1213354256,-0.0242501289,0.2817065843
0.09,0.0196936867,-0.0925527418,0.1953502702
0.10,-0.0377861204,-0.1659361048,0.1199389926
0.11,0.0056480544,-0.1495729522,0.1500739289
0.12,-0.0016143137,-0.1484470221,0.1860834400
0.13,0.0065021061,-0.1090651535,0.1486628054
0.14,-0.0350944924,-0.0861572138,0.1124572178
0.15,-0.0422123236,-0.1571253847,0.0721081411
0.16,-0.0387875861,-0.1237398665,0.0647684393
0.17,-0.0313280484,-0.1327208260,0.0521458822
0.18,-0.0347651177,-0.1699911896,0.0790198909
0.19,-0.0035877880,-0.1213552185,0.0701301407
0.20,-0.0408654843,-0.1156750602,0.0288138913
0.21,-0.0641934573,-0.1270081434,-0.0130888251
0.22,-0.0524306926,-0.1323377270,-0.0018713185
0.23,-0.0269435900,-0.0925492189,0.0402646621
0.24,-0.0190524812,-0.0902141846,0.0339917187
0.25,-0.0268749672,-0.1141428848,0.0308581193
0.26,-0.0346052496,-0.1058361126,0.0020050435
0.27,-0.0392244319,-0.1598044349,0.0156620153
0.28,-0.0263557202,-0.1495164579,0.0174875331
0.29,-0.0280619427,-0.1085145990,0.0307912273
0.30,-0.0542310254,-0.1239010946,0.0308393397
0.31,-0.0339181103,-0.1514691581,0.0255210508
0.32,-0.0416881014,-0.1272294222,0.0205317134
0.33,-0.0192138571,-0.1684990887,0.0114075336
0.34,-0.0212602621,-0.1214055392,0.0544823456
0.35,-0.0216263832,-0.1392617482,0.0757815793
0.36,-0.0123675461,-0.0787586483,0.0478804965
0.37,-0.0314661292,-0.1327370357,0.0279289460
0.38,-0.0425053066,-0.1712363337,0.0161462073
0.39,-0.0467281686,-0.1874983856,0.0110725516
0.40,-0.0223292742,-0.1950006404,0.0087683366
0.41,-0.0375045629,-0.1893157142,-0.0002927414
0.42,-0.0152012855,-0.1619226628,0.0098411434
0.43,-0.0149971577,-0.1343875245,0.0286039679
0.44,0.0087158620,-0.0817586261,0.0535176301
0.45,0.0202324218,-0.0476395752,0.0641050985
0.46,-0.0190602628,-0.0831383267,0.0443448061
0.47,-0.0185964910,-0.1414873951,0.0192466636
0.48,-0.0215127501,-0.0554292738,0.0115811582
0.49,-0.0047567520,-0.0438213646,0.0126794961
0.50,-0.0146942952,-0.0440938927,0.0284288446
0.51,-0.0165444772,-0.0371377401,0.0219534114
0.52,-0.0130290916,-0.0554639555,0.0325641436
0.53,-0.0279861638,-0.0545041670,0.0071804056
0.54,-0.0109098160,-0.0684347908,0.0179766378
0.55,-0.0025423202,-0.1034607590,0.0328773578
0.56,0.0048688278,-0.0916763257,0.0439440271
0.57,-0.0112759169,-0.0866972231,0.0327371168
0.58,-0.0209108883,-0.0871898499,0.0176043903
0.59,-0.0201833950,-0.0650268318,0.0156794675
0.60,-0.0095275511,-0.0645528638,0.0179283940
0.61,0.0032544372,-0.0541590296,0.0379876213
0.62,0.0025556633,-0.0294071574,0.0403772485
0.63,0.0147977190,-0.0228475849,0.0481961602
0.64,0.0316038249,-0.0024553417,0.0717643614
0.65,0.0215594882,-0.0090303606,0.0570613262
0.66,0.0133784046,-0.0225815365,0.0499155900
0.67,0.0096819516,-0.0312347992,0.0352875321
0.68,0.0083014144,-0.0531354758,0.0480339780
0.69,0.0008830176,-0.0247376287,0.0523258126
0.70,0.0146234809,-0.0060872783,0.0809371342
0.71,0.0388676052,0.0020010790,0.1014815427
0.72,0.0228824134,-0.0122130559,0.1188018705
0.73,0.0233037143,-0.0089138026,0.0978239329
0.74,0.0136821705,-0.0261523476,0.0826417771
0.75,0.0015882467,-0.0202327854,0.0694731148
0.76,-0.0081035738,-0.0434459882,0.0573171955
0.77,0.0025469466,-0.0504127072,0.0703718562
0.78,0.0175867665,-0.0062528087,0.0760358023
0.79,0.0259625468,-0.0093983148,0.1177277516
0.80,0.0159616961,-0.0038149484,0.0916685382
0.81,0.0222795265,-0.0073889667,0.0646382370
0.82,0.0226009274,-0.0098415031,0.0660742361
0.83,0.0193286724,-0.0220565205,0.0513380712
0.84,0.0131389226,-0.0350514399,0.0749341215
0.85,0.0025011254,-0.0200038038,0.0857409495
0.86,-0.0031896443,-0.0394296797,0.0536020713
0.87,0.0134228865,-0.0309056859,0.0662646372
0.88,0.0097986320,-0.0302696882,0.0544931881
0.89,0.0158842691,-0.0173440882,0.0595145161
0.90,0.0125577371,-0.0157181907,0.0739603716
0.91,0.0016625372,-0.0619403793,0.0432411868
0.92,-0.0115470549,-0.0579425958,0.0333964795
0.93,0.0097538776,-0.0316603772,0.0513789049
0.94,0.0143993657,-0.0271936557,0.0593149784
0.95,0.0090315609,-0.0175203577,0.0488198678
0.96,0.0048998800,-0.0434521622,0.0456132405
0.97,0.0105482584,-0.0370461909,0.0867272407
0.98,0.0246999013,-0.0184682040,0.0781034365
0.99,0.0174727141,-0.0176879407,0.0796631294
1.00,0.0047362786,-0.0319738816,0.0549643037
1.01,-0.0039306836,-0.0312361945,0.0386159966
1.02,-0.0082650364,-0.0712527423,0.0172371578
1.03,-0.0060783865,-0.0653994998,0.0201831850
1.04,0.0019735937,-0.0222105004,0.0396806926
1.05,0.0142328984,-0.0180686875,0.0588375597
1.06,0.0073314046,-0.0181975307,0.0315756582
1.07,-0.0054603948,-0.0352185297,0.0253757595
1.08,-0.0111968139,-0.0429734085,0.0279300505
1.09,0.0031866814,-0.0314241878,0.0258511562
1.10,0.0069733697,-0.0240022283,0.0278501785
1.11,0.0011510277,-0.0427664769,0.0295547928
1.12,0.0066632480,-0.0124666325,0.0461270256
1.13,0.0018168334,-0.0316981663,0.0295330909
1.14,-0.0017651368,-0.0293526974,0.0293068410
1.15,0.0030538901,-0.0178499258,0.0443549673
1.16,0.0053313871,-0.0137372210,0.0478504650
1.17,0.0093968648,-0.0137484538,0.0286632034
1.18,-0.0030978187,-0.0267160769,0.0126334930
1.19,-0.0030690581,-0.0304261962,0.0190361053
1.20,-0.0031040586,-0.0379181389,0.0186467544
1.21,-0.0137975915,-0.0306374175,0.0260514650
1.22,-0.0034495581,-0.0306751778,0.0188365070
1.23,0.0068670810,-0.0175287032,0.0392516604
1.24,0.0093729508,-0.0287577964,0.0469351147
1.25,0.0023839878,-0.0211071866,0.0291363955
1.26,-0.0033753503,-0.0474495266,0.0179813420
1.27,-0.0070626150,-0.0377627360,0.0438648949
1.28,-0.0074823657,-0.0426626924,0.0359161065
1.29,-0.0119053572,-0.0341143753,0.0324676971
1.30,-0.0119179106,-0.0462702643,0.0153286032
1.31,-0.0026079907,-0.0602281539,0.0414500644
1.32,-0.0113723710,-0.0532116791,0.0182850325
1.33,0.0039596194,-0.0352445815,0.0173772970
1.34,-0.0053276534,-0.0362334783,0.0190952309
1.35,-0.0023010770,-0.0378159999,0.0265730307
1.36,-0.0125968044,-0.0521177289,0.0052867907
1.37,-0.0206179767,-0.0629601002,-0.0090431696
1.38,-0.0149905455,-0.0536392707,0.0059092228
1.39,-0.0173839471,-0.0422674176,0.0175352970
1.40,-0.0106865310,-0.0385299114,0.0165513157
1.41,-0.0116526084,-0.0514259410,0.0222069831
1.42,-0.0044794425,-0.0378145156,0.0325981619
1.43,0.0032203796,-0.0369241103,0.0214503943
1.44,0.0057426106,-0.0255597758,0.0203508800
1.45,-0.0044677142,-0.0284868426,0.0224178490
1.46,-0.0007204631,-0.0421846335,0.0166378648
1.47,-0.0127385793,-0.0425371123,0.0126453544
1.48,-0.0114503953,-0.0406449441,0.0132767007
1.49,-0.0036203849,-0.0372064030,0.0134122591
1.50,-0.0009730072,-0.0292724488,0.0286520451
1.51,-0.0055617560,-0.0228670572,0.0265395380
1.52,0.0013262723,-0.0164547959,0.0280842441
1.53,0.0036998031,-0.0174321507,0.0232329774
1.54,-0.0017641063,-0.0265791037,0.0203772844
1.55,-0.0160757788,-0.0508593575,0.0035973902
1.56,-0.0076994721,-0.0595267604,0.0029848779
1.57,-0.0051595644,-0.0425892964,0.0099696871
1.58,-0.0000762959,-0.0254410642,0.0275102108
1.59,0.0119923514,-0.0126196514,0.0327642775
1.60,0.0087419874,-0.0180106614,0.0372149817
1.61,0.0040696718,-0.0170619287,0.0202672529
1.62,0.0039039565,-0.0224046976,0.0139382390
1.63,-0.0020806871,-0.0343930643,0.0180875594
1.64,-0.0038497429,-0.0273745364,0.0337077945
1.65,0.0016747753,-0.0378635585,0.0119060028
1.66,0.0007447783,-0.0160750595,0.0206931326
1.67,0.0034132152,-0.0290860681,0.0316965642
1.68,0.0129677057,-0.0179277050,0.0334509956
1.69,0.0037124595,-0.0179343144,0.0313196853
1.70,-0.0017977831,-0.0201975246,0.0346074692
1.71,-0.0027277083,-0.0395716385,0.0179548723
1.72,0.0018209133,-0.0390755142,0.0099232452
1.73,-0.0033879250,-0.0467092511,0.0191665385
1.74,-0.0041044552,-0.0365656369,0.0095218036
1.75,-0.0013384183,-0.0340742838,0.0112741912
1.76,0.0040650306,-0.0208184386,0.0429055081
1.77,0.0062331352,-0.0149431130,0.0405556628
1.78,0.0000212352,-0.0123381877,0.0264806085
1.79,-0.0037174765,-0.0318424492,0.0279696557
1.80,-0.0003656741,-0.0339637175,0.0262666041
1.81,0.0022911388,-0.0199726972,0.0300215835
1.82,0.0046017089,-0.0083636291,0.0322752162
1.83,0.0044976997,-0.0071245352,0.0412779322
1.84,0.0084571299,-0.0102718813,0.0551332826
1.85,0.0015565050,-0.0200495481,0.0288189195
1.86,0.0051049653,-0.0303166658,0.0294489397
1.87,0.0092292516,-0.0061044628,0.0335578725
1.88,0.0124216343,-0.0103812885,0.0562277139
1.89,0.0074023464,-0.0093743023,0.0418752655
1.90,0.0096293389,-0.0120003480,0.0447818736
1.91,0.0055466915,-0.0066545169,0.0273026269
1.92,0.0023828327,-0.0210120649,0.0182841267
1.93,0.0066210103,-0.0208090988,0.0241672807
1.94,0.0095345013,-0.0075845830,0.0320339193
1.95,0.0152735585,-0.0042410406,0.0443398322
1.96,0.0075357457,-0.0099818383,0.0333029095
1.97,0.0037808016,-0.0216888320,0.0269640018
1.98,-0.0020610678,-0.0207834509,0.0209771884
1.99,0.0028755210,-0.0213975547,0.0245428675
2.00,0.0023355638,-0.0126231937,0.0283746794
2.01,0.0053535284,-0.0080386347,0.0308806584
2.02,0.0015947732,-0.0128602053,0.0364759439
2.03,0.0028559979,-0.0187507689,0.0320051342
2.04,-0.0014148394,-0.0138733530,0.0262850013
2.05,0.0026100869,-0.0252649603,0.0335437688
2.06,0.0069296364,-0.0198563514,0.0292108962
2.07,-0.0011846667,-0.0175698493,0.0202220671
2.08,-0.0017031382,-0.0191988724,0.0280549499
2.09,0.0056187342,-0.0097465360,0.0345518083
2.10,0.0122768744,-0.0036999757,0.0418219999
2.11,0.0014851003,-0.0108164731,0.0240713065
2.12,-0.0021025792,-0.0159425356,0.0301986236
2.13,-0.0012703781,-0.0254084294,0.0137100717
2.14,-0.0033795093,-0.0207251635,0.0161350191
2.15,0.0044284142,-0.0178803743,0.0182898901
2.16,-0.0010758946,-0.0410828347,0.0188551560
2.17,-0.0016146415,-0.0262861318,0.0204831712
2.18,-0.0070854058,-0.0281449648,0.0098764384
2.19,-0.0117454184,-0.0307655456,0.0069602515
2.20,-0.0145777619,-0.0540743743,0.0015463212
2.21,-0.0075247325,-0.0294243168,0.0118167151
2.22,-0.0008335945,-0.0224501805,0.0123404935
2.23,-0.0076431874,-0.0214264183,0.0217109269
2.24,-0.0065356798,-0.0195730686,0.0179637507
2.25,-0.0032345902,-0.0204106455,0.0109607733
2.26,-0.0056058546,-0.0339114308,0.0101103150
2.27,-0.0050493629,-0.0256349172,0.0127552446
2.28,-0.0070940938,-0.0185720505,0.0079194175
2.29,0.0052497936,-0.0183821603,0.0335780403
2.30,0.0026641123,-0.0205812052,0.0152371055
2.31,0.0015655651,-0.0179592535,0.0188152914
2.32,-0.0024832408,-0.0248619512,0.0235034877
2.33,-0.0068644300,-0.0216572410,0.0319562768
2.34,-0.0091834093,-0.0291322448,0.0086369812
2.35,-0.0064636263,-0.0357561036,0.0071614388
2.36,-0.0055434160,-0.0227696949,0.0115961054
2.37,-0.0013805587,-0.0215749797,0.0226537915
2.38,0.0106505396,-0.0137252280,0.0464046660
2.39,0.0060715469,-0.0201805609,0.0306121928
2.40,0.0060004229,-0.0187090867,0.0259974268
2.41,-0.0035692598,-0.0216244527,0.0199936807
2.42,-0.0087606160,-0.0278455047,0.0091897216
2.43,-0.0142078670,-0.0311582684,0.0151694960
2.44,-0.0065583194,-0.0202877671,0.0182092574
2.45,-0.0034129867,-0.0191822013,0.0271604758
2.46,-0.0014882428,-0.0259712023,0.0248795324
2.47,-0.0078284152,-0.0166206061,0.0092683759
2.48,-0.0034078955,-0.0223617769,0.0132798244
2.49,-0.0061999311,-0.0319360937,0.0184366760
2.50,-0.0013570218,-0.0352385878,0.0204558600
2.51,0.0006883158,-0.0138202900,0.0213344105
2.52,0.0017608047,-0.0347276114,0.0186797035
2.53,-0.0004294062,-0.0222271367,0.0157224191
2.54,-0.0039426606,-0.0271274313,0.0227626750
2.55,0.0059598248,-0.0126462264,0.0172186707
2.56,0.0062635256,-0.0103507730,0.0149399481
2.57,0.0038832972,-0.0204621088,0.0263047106
2.58,0.0025182387,-0.0174446469,0.0308338719
2.59,0.0019980363,-0.0135796554,0.0171977083
2.60,0.0043834845,-0.0213106822,0.0239008250
2.61,-0.0025086673,-0.0313803688,0.0334699005
2.62,0.0031191328,-0.0217158251,0.0268380103
2.63,0.0011371675,-0.0122946969,0.0238836672
2.64,0.0009015763,-0.0193235052,0.0152849816
2.65,-0.0009592507,-0.0360699635,0.0138729197
2.66,0.0022002210,-0.0182470579,0.0175725042
2.67,0.0137183608,-0.0111105080,0.0269589187
2.68,0.0045319799,-0.0077446236,0.0282140402
2.69,0.0018039355,-0.0204579683,0.0189716130
2.70,0.0038901722,-0.0145166192,0.0190268687
2.71,-0.0031722232,-0.0167340453,0.0176976416
2.72,0.0035014276,-0.0155730826,0.0150459024
2.73,0.0075897566,-0.0128671626,0.0267948358
2.74,0.0063813673,-0.0092140927,0.0398493781
2.75,0.0082657381,-0.0126088061,0.0348743596
2.76,0.0022512110,-0.0211681255,0.0284763238
2.77,0.0097171693,-0.0104973743,0.0256566548
2.78,0.0069706015,-0.0164548754,0.0229576229
2.79,0.0087271052,-0.0199873828,0.0247816255
2.80,0.0070733763,-0.0244312256,0.0269880237
2.81,0.0032193972,-0.0103526683,0.0298669894
2.82,0.0059715127,-0.0144084264,0.0273556486
2.83,0.0012942800,-0.0230542688,0.0222881873
2.84,-0.0050751004,-0.0206918810,0.0207662530
2.85,-0.0022305906,-0.0390879016,0.0138447605
2.86,-0.0017795596,-0.0311555177,0.0085925360
2.87,-0.0028619660,-0.0222676524,0.0154941064
2.88,-0.0089136994,-0.0226943170,0.0186340816
2.89,-0.0006922316,-0.0227560704,0.0192648177
2.90,-0.0094203487,-0.0381008105,0.0123583195
2.91,-0.0045558875,-0.0635570956,0.0114077117
2.92,0.0015285573,-0.0253697694,0.0217775841
2.93,-0.0032410273,-0.0212715375,0.0149105644
2.94,-0.0055453873,-0.0202645676,0.0103898663
2.95,-0.0088866928,-0.0312507910,0.0134820121
2.96,-0.0061924357,-0.0403418343,0.0086892656
2.97,-0.0044099821,-0.0433588766,0.0072054903
2.98,-0.0015008982,-0.0234839444,0.0069998853
2.99,0.0002517459,-0.0263132768,0.0123324701
3.00,0.0041264138,-0.0134078561,0.0218363113
3.01,0.0022100315,-0.0227935269,0.0288731285
3.02,-0.0009600235,-0.0296158527,0.0208070703
3.03,-0.0052185349,-0.0231943690,0.0082553875
3.04,-0.0051435186,-0.0299160598,0.0056550226
3.05,-0.0100155867,-0.0267225790,0.0175343263
3.06,-0.0074758047,-0.0296510421,0.0238495315
3.07,-0.0071492320,-0.0213568765,0.0208953141
3.08,-0.0096228189,-0.0243968367,0.0177014660
3.09,0.0000892831,-0.0189337227,0.0217455022
3.10,-0.0044597248,-0.0161722793,0.0305399841
3.11,0.0051672861,-0.0178125660,0.0468688106
3.12,-0.0023873055,-0.0212032389,0.0221141444
3.13,-0.0084754386,-0.0279266194,0.0060901135
3.14,-0.0202435762,-0.0954028364,-0.0007029090
3.15,-0.0083260294,-0.0409077368,0.0133920963
3.16,-0.0013089878,-0.0344766683,0.0174928404
3.17,0.0079165598,-0.0056705766,0.0205199717
3.18,0.0066228007,-0.0077604815,0.0413433943
3.19,-0.0022526004,-0.0265664029,0.0179432036
3.20,-0.0087246277,-0.0278366724,0.0053980490
3.21,-0.0094813721,-0.0198884359,0.0035199769
3.22,0.0019716095,-0.0135450430,0.0149248052
3.23,0.0156297772,0.0001060136,0.0495217590
3.24,0.0145433762,-0.0003199538,0.0519759271
3.25,0.0112652815,-0.0035518597,0.0339846917
3.26,0.0107999781,-0.0098039445,0.0341103144
3.27,0.0047222330,-0.0116439749,0.0271513294
3.28,0.0041870133,-0.0113771929,0.0209392805
3.29,-0.0008760917,-0.0114438704,0.0231212793
3.30,0.0073833658,-0.0139729686,0.0290885829
3.31,0.0061089739,-0.0089817762,0.0476879344
3.32,0.0017036885,-0.0156436558,0.0238826311
3.33,-0.0016071446,-0.0191203592,0.0286551510
3.34,-0.0000002132,-0.0297445084,0.0275507055
3.35,0.0016435223,-0.0179044382,0.0295374923
3.36,-0.0012358472,-0.0266650574,0.0166196253
3.37,0.0060241346,-0.0284741756,0.0381180370
3.38,0.0015648728,-0.0170561293,0.0191701539
3.39,-0.0017499229,-0.0202815304,0.0083556701
3.40,-0.0024861126,-0.0200954015,0.0214586737
3.41,-0.0023398662,-0.0158215393,0.0374284814
3.42,0.0008547874,-0.0141197164,0.0421689036
3.43,0.0004897911,-0.0126779226,0.0161126572
3.44,-0.0033545644,-0.0156468334,0.0219764376
3.45,0.0072766177,-0.0190420560,0.0287645339
3.46,0.0076537020,-0.0084391131,0.0426117625
3.47,0.0026420514,-0.0088230315,0.0257963237
3.48,0.0025684429,-0.0105837789,0.0224558340
3.49,0.0016492599,-0.0139976540,0.0175615162
3.50,0.0035092817,-0.0152099736,0.0110412813
3.51,0.0022736318,-0.0202785147,0.0281291557
3.52,0.0040570194,-0.0126480202,0.0433314864
3.53,0.0001009241,-0.0159563684,0.0173047306
3.54,-0.0023979254,-0.0170212665,0.0118024222
3.55,-0.0047823862,-0.0305518884,0.0136609269
3.56,0.0019615181,-0.0090939905,0.0118166986
3.57,-0.0001776420,-0.0075224650,0.0194565628
3.58,0.0078748703,-0.0014287389,0.0259323317
3.59,0.0076984057,-0.0113774833,0.0228627029
3.60,0.0012431720,-0.0143816748,0.0129579736
3.61,0.0048582443,-0.0174129910,0.0296004850
3.62,-0.0032341913,-0.0291178142,0.0193333383
3.63,-0.0017505195,-0.0380108260,0.0173078361
3.64,-0.0024721939,-0.0231645666,0.0126971469
3.65,-0.0041747223,-0.0228717876,0.0086660276
3.66,-0.0059357765,-0.0242747260,0.0160193149
3.67,-0.0031112936,-0.0255640635,0.0141316808
3.68,-0.0008889768,-0.0307734019,0.0097500530
3.69,-0.0099742348,-0.0632313208,0.0108115252
3.70,-0.0033801331,-0.0531387065,0.0111857940
3.71,-0.0032246023,-0.0174018282,0.0183366344
3.72,0.0041399578,-0.0103972165,0.0310673340
3.73,0.0021990589,-0.0117468714,0.0259075205
3.74,0.0023000042,-0.0194552764,0.0218937199
3.75,-0.0001457660,-0.0252441913,0.0124498312
3.76,-0.0007830049,-0.0160775065,0.0092786416
3.77,-0.0063294393,-0.0204789066,0.0074890758
3.78,-0.0046712580,-0.0345358968,0.0065469329
3.79,-0.0057803377,-0.0416526286,0.0148089640
3.80,-0.0067977985,-0.0341338766,0.0154578951
3.81,0.0029889787,-0.0219485979,0.0183631334
3.82,-0.0048611686,-0.0248877603,0.0135647354
3.83,-0.0102511985,-0.0342871895,0.0068248197
3.84,-0.0087576236,-0.0339461492,0.0014242169
3.85,-0.0139677646,-0.0425939021,0.0052457682
3.86,-0.0033571654,-0.0311593981,0.0140713004
3.87,-0.0010181896,-0.0283281385,0.0218958859
3.88,-0.0027182234,-0.0265654094,0.0108031102
3.89,-0.0056269241,-0.0162166035,0.0131064416
3.90,-0.0031015863,-0.0230648044,0.0154386354
3.91,-0.0028712126,-0.0160751052,0.0184671964
3.92,-0.0022214439,-0.0157405142,0.0109112184
3.93,-0.0060421711,-0.0219249955,0.0078951289
3.94,-0.0076416934,-0.0198629835,0.0132200766
3.95,0.0011932465,-0.0147756584,0.0222689783
3.96,0.0052981812,-0.0161376883,0.0311297192
3.97,0.0050111852,-0.0110107350,0.0232139524
3.98,0.0087178049,-0.0108661334,0.0224909764
3.99,0.0012979837,-0.0132964640,0.0161711024
4.00,-0.0004251085,-0.0171584541,0.0305607508
4.01,0.0024859981,-0.0145205543,0.0173321946
4.02,0.0035359648,-0.0169329684,0.0212005174
4.03,0.0053226886,-0.0152740192,0.0142240829
4.04,0.0006974750,-0.0172204931,0.0210965756
4.05,0.0066353750,-0.0100139391,0.0187393087
4.06,0.0061349469,-0.0161813951,0.0256062701
4.07,0.0002983118,-0.0146030453,0.0177048735
4.08,-0.0048425935,-0.0194678477,0.0094155145
4.09,0.0037652383,-0.0195275844,0.0320183632
4.10,0.0030065078,-0.0188904979,0.0244236902
4.11,0.0034833984,-0.0253549203,0.0254640563
4.12,0.0030791854,-0.0215998870,0.0137758819
4.13,-0.0032050904,-0.0223340973,0.0095904477
4.14,-0.0025354193,-0.0211268427,0.0111935935
4.15,-0.0045280852,-0.0184029404,0.0225604719
4.16,-0.0014389585,-0.0167350694,0.0279705586
4.17,-0.0035055919,-0.0163496738,0.0277239556
4.18,-0.0057254057,-0.0170590073,0.0087758500
4.19,-0.0011142215,-0.0372590766,0.0077940044
4.20,0.0005079013,-0.0264456305,0.0171830216
4.21,0.0061635506,-0.0219797277,0.0226327076
4.22,0.0076940605,-0.0096110856,0.0661520189
4.23,0.0028612730,-0.0113517778,0.0440703056
4.24,0.0016460722,-0.0146321528,0.0247542342
4.25,-0.0023170318,-0.0108032964,0.0203857827
4.26,-0.0062309687,-0.0224254131,0.0116953836
4.27,-0.0041890942,-0.0253610376,0.0100145115
4.28,-0.0051741824,-0.0209309298,0.0056123888
4.29,0.0017313804,-0.0152738995,0.0342141132
4.30,-0.0026042015,-0.0151167358,0.0132405905
4.31,0.0041391130,-0.0142518578,0.0196779065
4.32,-0.0035772889,-0.0205448850,0.0133607963
4.33,-0.0083858565,-0.0390821679,0.0110530464
4.34,-0.0027416043,-0.0239082747,0.0172846070
4.35,0.0027820597,-0.0090277918,0.0342262828
4.36,0.0025964105,-0.0117804596,0.0359293422
4.37,0.0012300776,-0.0199097018,0.0324074247
4.38,-0.0057200040,-0.0227534009,0.0188017781
4.39,-0.0041583627,-0.0182127562,0.0158499252
4.40,0.0032270129,-0.0076974735,0.0245902563
4.41,0.0106109603,-0.0057036548,0.0384368889
4.42,0.0155307719,-0.0078545403,0.0333805175
4.43,0.0057743529,-0.0029605683,0.0209691173
4.44,0.0027662448,-0.0125939193,0.0241221839
4.45,0.0025133166,-0.0102776344,0.0152969027
4.46,0.0029784892,-0.0117317460,0.0383983927
4.47,0.0034003440,-0.0083759216,0.0220411180
4.48,0.0035691867,-0.0214466912,0.0179584626
4.49,0.0063842546,-0.0250329264,0.0216373000
4.50,-0.0005663484,-0.0222189091,0.0229093033
4.51,0.0003001383,-0.0150089018,0.0307328449
4.52,0.0040992126,-0.0131235296,0.0243608275
4.53,-0.0008560304,-0.0150283135,0.0203213990
4.54,0.0017458568,-0.0219824446,0.0180198109
4.55,0.0059424588,-0.0156694703,0.0206256695
4.56,0.0047372567,-0.0169688811,0.0141082397
4.57,0.0028739708,-0.0110606136,0.0103073519
4.58,-0.0038755238,-0.0161924403,0.0146563004
4.59,-0.0057430702,-0.0177938967,0.0062153844
4.60,-0.0129413140,-0.0238546364,-0.0024986211
4.61,-0.0088727636,-0.0220238839,0.0161678634
4.62,-0.0016504130,-0.0314835434,0.0225744384
4.63,-0.0012267858,-0.0234781822,0.0203872213
4.64,-0.0014567750,-0.0183744178,0.0210541296
4.65,0.0054195737,-0.0105044331,0.0230974155
4.66,0.0072713381,-0.0146439508,0.0197507502
4.67,-0.0005472991,-0.0370445915,0.0140397869
4.68,0.0026033180,-0.0079105563,0.0261355132
4.69,-0.0013817580,-0.0216924411,0.0221548011
4.70,0.0087369086,-0.0057044520,0.0260669527
4.71,0.0024749518,-0.0126430773,0.0199720464
4.72,0.0017534803,-0.0164729366,0.0252950979
4.73,0.0006086954,-0.0207987140,0.0137270530
4.74,-0.0026966068,-0.0180002302,0.0137633001
4.75,0.0066202464,-0.0134997133,0.0189271838
4.76,0.0026287615,-0.0170451616,0.0169505623
4.77,0.0023468271,-0.0221818186,0.0174302024
4.78,-0.0041298766,-0.0230038127,0.0100205911
4.79,-0.0013704320,-0.0197536098,0.0114100304
4.80,0.0029865961,-0.0114478661,0.0128462642
4.81,-0.0010232159,-0.0283278993,0.0119296976
4.82,-0.0053119609,-0.0294801969,0.0060738879
4.83,-0.0023631692,-0.0282756476,0.0055848676
4.84,-0.0073141502,-0.0387694544,0.0099396814
4.85,-0.0019233284,-0.0243993522,0.0149203003
4.86,-0.0012303335,-0.0214523897,0.0156747829
4.87,0.0007221190,-0.0131729980,0.0263420681
4.88,-0.0024280057,-0.0166209012,0.0196163517
4.89,-0.0039824404,-0.0248047926,0.0125780156
4.90,-0.0019841490,-0.0299168064,0.0126453679
4.91,-0.0077646895,-0.0494136925,0.0113641730
4.92,-0.0038904170,-0.0210798244,0.0068538413
4.93,-0.0000475424,-0.0268161393,0.0109610131
4.94,0.0007837303,-0.0112879874,0.0145039574
4.95,0.0091348975,-0.0148299557,0.0311647093
4.96,-0.0004471656,-0.0193640634,0.0160026358
4.97,-0.0088378460,-0.0716586605,0.0042122350
4.98,-0.0077833174,-0.0415670212,0.0078422872
4.99,-0.0112996827,-0.0452685685,0.0095108223
5.00,-0.0051083652,-0.0185141327,0.0298605812
