lag_seconds,lower_2p5,upper_97p5
0.00,1.0000000000,1.0000000000
0.01,0.7676762938,0.7689391971
0.02,0.2571413517,0.2608641088
0.03,-0.1563906670,-0.1513272375
0.04,-0.2561702430,-0.2514259815
0.05,-0.1283430308,-0.1236586049
0.06,0.0019063165,0.0069211968
0.07,0.0113001131,0.0163059048
0.08,-0.0556978695,-0.0506929308
0.09,-0.0996420532,-0.0946807340
0.10,-0.0862144530,-0.0813686848
0.11,-0.0526184849,-0.0476387069
0.12,-0.0401421897,-0.0351358615
0.13,-0.0509331003,-0.0459048375
0.14,-0.0625422224,-0.0575090535
0.15,-0.0614627637,-0.0564098842
0.16,-0.0530251078,-0.0480047427
0.17,-0.0475616381,-0.0425941274
0.18,-0.0477635637,-0.0426547118
0.19,-0.0490947589,-0.0439887978
0.20,-0.0480566360,-0.0429475047
0.21,-0.0449113697,-0.0398825184
0.22,-0.0420446731,-0.0370342322
0.23,-0.0404375866,-0.0353274867
0.24,-0.0391686521,-0.0340209976
0.25,-0.0374742486,-0.0323361047
0.26,-0.0352673307,-0.0302250516
0.27,-0.0330735445,-0.0279845055
0.28,-0.0311310217,-0.0260360893
0.29,-0.0293772276,-0.0242524911
0.30,-0.0274419431,-0.0223562513
0.31,-0.0255229529,-0.0203236621
0.32,-0.0235524923,-0.0183652528
0.33,-0.0216572285,-0.0164697617
0.34,-0.0198139865,-0.0146902548
0.35,-0.0180180464,-0.0129188504
0.36,-0.0161893964,-0.0111431424
0.37,-0.0144917304,-0.0093495958
0.38,-0.0127919987,-0.0077212732
0.39,-0.0111873057,-0.0059820199
0.40,-0.0095829489,-0.0045053936
0.41,-0.0080898665,-0.0030086681
0.42,-0.0065706042,-0.0015644337
0.43,-0.0052054669,-0.0001856068
0.44,-0.0039041482,0.0012221261
0.45,-0.0026293851,0.0024217693
0.46,-0.0014651245,0.0035885833
0.47,-0.0002962601,0.0047356728
0.48,0.0007050432,0.0057897125
0.49,0.0017087574,0.0067288345
0.50,0.0025948212,0.0076103904
0.51,0.0034554240,0.0084768487
0.52,0.0041301660,0.0090767760
0.53,0.0047849552,0.0098994114
0.54,0.0054160189,0.0105035072
0.55,0.0059694075,0.0109921964
0.56,0.0063799983,0.0114757391
0.57,0.0067789499,0.0118841007
0.58,0.0071039167,0.0121699786
0.59,0.0073913238,0.0124716554
0.60,0.0075868457,0.0127002941
0.61,0.0077213435,0.0128925964
0.62,0.0078103691,0.0128989276
0.63,0.0078955125,0.0129437232
0.64,0.0078994986,0.0128627503
0.65,0.0077539235,0.0128001040
0.66,0.0075778728,0.0126738520
0.67,0.0074847089,0.0125543717
0.68,0.0072822971,0.0123470752
0.69,0.0070320978,0.0121439071
0.70,0.0067883478,0.0118297702
0.71,0.0064629875,0.0115781343
0.72,0.0060801855,0.0112069426
0.73,0.0057704872,0.0107905380
0.74,0.0053019724,0.0104464162
0.75,0.0048899748,0.0099295937
0.76,0.0044563832,0.0095252786
0.77,0.0040334295,0.0090718633
0.78,0.0036213847,0.0086535132
0.79,0.0031096151,0.0082372837
0.80,0.0026462707,0.0076966039
0.81,0.0020922860,0.0072557777
0.82,0.0016385679,0.0066987174
0.83,0.0011917134,0.0062247165
0.84,0.0006607001,0.0057816189
0.85,0.0001895357,0.0053437022
0.86,-0.0002708733,0.0048096306
0.87,-0.0007375252,0.0043381415
0.88,-0.0011007222,0.0039069364
0.89,-0.0016158880,0.0034928445
0.90,-0.0019744090,0.0030432155
0.91,-0.0024032968,0.0026758164
0.92,-0.0027769858,0.0021741288
0.93,-0.0031423967,0.0019348604
0.94,-0.0035242881,0.0016170259
0.95,-0.0038630960,0.0011435378
0.96,-0.0041235979,0.0008755237
0.97,-0.0044853603,0.0006439571
0.98,-0.0047442182,0.0003651425
0.99,-0.0050031561,0.0000560208
1.00,-0.0052113673,-0.0001692605
1.01,-0.0053999466,-0.0003905202
1.02,-0.0056136535,-0.0005293112
1.03,-0.0057482691,-0.0007011276
1.04,-0.0058628158,-0.0008333616
1.05,-0.0059883697,-0.0009704190
1.06,-0.0061020111,-0.0010264599
1.07,-0.0062174560,-0.0011219929
1.08,-0.0062676328,-0.0012618261
1.09,-0.0062417034,-0.0012599388
1.10,-0.0063489010,-0.0012362688
1.11,-0.0063073398,-0.0011797708
1.12,-0.0063280822,-0.0011995411
1.13,-0.0062246765,-0.0012310427
1.14,-0.0062302351,-0.0011753152
1.15,-0.0061643673,-0.0010450925
1.16,-0.0061214147,-0.0010104984
1.17,-0.0060308687,-0.0009133799
1.18,-0.0058748215,-0.0008286059
1.19,-0.0057473071,-0.0006672101
1.20,-0.0056466400,-0.0005911216
1.21,-0.0055408622,-0.0004447254
1.22,-0.0053817695,-0.0003628062
1.23,-0.0051405518,-0.0001377439
1.24,-0.0050258189,0.0000307497
1.25,-0.0048773666,0.0001311221
1.26,-0.0047449437,0.0002810442
1.27,-0.0045411717,0.0005292910
1.28,-0.0043864255,0.0006558907
1.29,-0.0042082299,0.0007637040
1.30,-0.0040048468,0.0010027619
1.31,-0.0038466249,0.0011978324
1.32,-0.0037125482,0.0013688901
1.33,-0.0035489048,0.0015831521
1.34,-0.0033749074,0.0017029798
1.35,-0.0031679501,0.0018394726
1.36,-0.0030750041,0.0020450437
1.37,-0.0028793209,0.0021535861
1.38,-0.0026622324,0.0023246987
1.39,-0.0025396978,0.0025126145
1.40,-0.0023966716,0.0026409517
1.41,-0.0022904316,0.0027453376
1.42,-0.0021477502,0.0028631268
1.43,-0.0020051491,0.0031111820
1.44,-0.0018753965,0.0031729080
1.45,-0.0017800578,0.0032769740
1.46,-0.0017465852,0.0033634435
1.47,-0.0016311324,0.0034435536
1.48,-0.0014973338,0.0035076006
1.49,-0.0014789042,0.0036077003
1.50,-0.0013494451,0.0037037095
1.51,-0.0012645450,0.0037926326
1.52,-0.0012288804,0.0038558042
1.53,-0.0012015005,0.0039125341
1.54,-0.0011211208,0.0039586630
1.55,-0.0011154851,0.0039882585
1.56,-0.0011026541,0.0039905342
1.57,-0.0010773132,0.0039892606
1.58,-0.0010726983,0.0040019481
1.59,-0.0010187901,0.0040397467
1.60,-0.0009849541,0.0040443777
1.61,-0.0010468306,0.0040053357
1.62,-0.0010660992,0.0039433902
1.63,-0.0010928659,0.0039263056
1.64,-0.0011369585,0.0039630253
1.65,-0.0011503322,0.0039498997
1.66,-0.0012416866,0.0039148051
1.67,-0.0012141957,0.0038189159
1.68,-0.0013198120,0.0038539506
1.69,-0.0013166826,0.0037452644
1.70,-0.0014417788,0.0036670452
1.71,-0.0014368073,0.0036421616
1.72,-0.0015460438,0.0036009471
1.73,-0.0015444374,0.0035216720
1.74,-0.0016594521,0.0034438830
1.75,-0.0016709185,0.0033767307
1.76,-0.0017210394,0.0033254474
1.77,-0.0017325975,0.0032403776
1.78,-0.0018727700,0.0031871083
1.79,-0.0018593492,0.0031169702
1.80,-0.0019744919,0.0030511054
1.81,-0.0020245602,0.0030059286
1.82,-0.0021821312,0.0028994724
1.83,-0.0022408485,0.0028443730
1.84,-0.0022820609,0.0027779515
1.85,-0.0023285339,0.0026670494
1.86,-0.0023733859,0.0026582717
1.87,-0.0024328285,0.0026137845
1.88,-0.0024705189,0.0026134402
1.89,-0.0025658617,0.0025082459
1.90,-0.0026164374,0.0024308427
1.91,-0.0026823969,0.0024287861
1.92,-0.0027377533,0.0023368297
1.93,-0.0028033168,0.0023156353
1.94,-0.0028190583,0.0022901511
1.95,-0.0028414165,0.0021814862
1.96,-0.0028901480,0.0021396016
1.97,-0.0028849761,0.0021322805
1.98,-0.0030023772,0.0021115581
1.99,-0.0029931650,0.0020399620
2.00,-0.0029605327,0.0020411017
2.01,-0.0030717887,0.0021672002
2.02,-0.0031339359,0.0020531463
2.03,-0.0030807424,0.0020040236
2.04,-0.0030556249,0.0020169746
2.05,-0.0031472247,0.0019754814
2.06,-0.0030488081,0.0019602838
2.07,-0.0030631630,0.0019519737
2.08,-0.0030757079,0.0020012748
2.09,-0.0030940191,0.0020355466
2.10,-0.0031419517,0.0019393231
2.11,-0.0030828454,0.0019833967
2.12,-0.0030859183,0.0019584573
2.13,-0.0030739948,0.0019881718
2.14,-0.0030777287,0.0020436347
2.15,-0.0030664573,0.0020252925
2.16,-0.0030036059,0.0020050798
2.17,-0.0030220463,0.0020188116
2.18,-0.0030265006,0.0020210147
2.19,-0.0030410415,0.0019995160
2.20,-0.0029663234,0.0020469206
2.21,-0.0029168783,0.0021232916
2.22,-0.0029363004,0.0021409199
2.23,-0.0029630023,0.0021252555
2.24,-0.0028805630,0.0022060100
2.25,-0.0028667790,0.0022279276
2.26,-0.0028793882,0.0022858388
2.27,-0.0028539998,0.0022357909
2.28,-0.0027702875,0.0023401745
2.29,-0.0027345126,0.0022384576
2.30,-0.0027582331,0.0023337828
2.31,-0.0027571998,0.0023918438
2.32,-0.0026961698,0.0023353789
2.33,-0.0026238568,0.0023751049
2.34,-0.0026699130,0.0024405848
2.35,-0.0026588496,0.0025119183
2.36,-0.0025687178,0.0025181428
2.37,-0.0025963974,0.0024915836
2.38,-0.0025895210,0.0024604136
2.39,-0.0025264551,0.0024926111
2.40,-0.0025029792,0.0025592302
2.41,-0.0025167707,0.0025945241
2.42,-0.0024587968,0.0025899187
2.43,-0.0024629142,0.0026150504
2.44,-0.0024695771,0.0025952773
2.45,-0.0024513528,0.0026898738
2.46,-0.0024366181,0.0026350417
2.47,-0.0024351550,0.0026352578
2.48,-0.0023964264,0.0027092982
2.49,-0.0023859208,0.0026561900
2.50,-0.0023548861,0.0027326664
2.51,-0.0023575858,0.0027661945
2.52,-0.0022875725,0.0027056523
2.53,-0.0023658460,0.0027865316
2.54,-0.0022792541,0.0027491085
2.55,-0.0023130847,0.0027215749
2.56,-0.0023027386,0.0027385459
2.57,-0.0022799002,0.0027450542
2.58,-0.0023099864,0.0026384562
2.59,-0.0023069356,0.0028207579
2.60,-0.0023269369,0.0027665405
2.61,-0.0022880242,0.0027743101
2.62,-0.0022629171,0.0027712642
2.63,-0.0022788735,0.0027261304
2.64,-0.0022642261,0.0027553164
2.65,-0.0023604701,0.0027311663
2.66,-0.0023563623,0.0027346835
2.67,-0.0023465552,0.0026784427
2.68,-0.0023317973,0.0026635719
2.69,-0.0023307791,0.0026437475
2.70,-0.0024089627,0.0027345193
2.71,-0.0023278957,0.0026724078
2.72,-0.0023414153,0.0026512498
2.73,-0.0023143715,0.0026016727
2.74,-0.0023718283,0.0027055896
2.75,-0.0023452449,0.0026982622
2.76,-0.0024430996,0.0027247844
2.77,-0.0024107951,0.0026478393
2.78,-0.0024152154,0.0026368357
2.79,-0.0024201421,0.0026189475
2.80,-0.0024211791,0.0026321344
2.81,-0.0024431094,0.0025998862
2.82,-0.0024883337,0.0025908637
2.83,-0.0024815127,0.0025957187
2.84,-0.0024930036,0.0025576921
2.85,-0.0024752074,0.0025329851
2.86,-0.0024858359,0.0025409271
2.87,-0.0024621361,0.0025696300
2.88,-0.0024789127,0.0025514262
2.89,-0.0025438278,0.0025091497
2.90,-0.0024881742,0.0025701481
2.91,-0.0026231268,0.0025239482
2.92,-0.0025399523,0.0025308749
2.93,-0.0025987388,0.0025109744
2.94,-0.0025619424,0.0024696197
2.95,-0.0025082668,0.0025006332
2.96,-0.0025962309,0.0024508752
2.97,-0.0026140492,0.0024384134
2.98,-0.0025882584,0.0024750128
2.99,-0.0025599820,0.0024441709
3.00,-0.0025755493,0.0024202128
3.01,-0.0025781726,0.0024823681
3.02,-0.0026364853,0.0024947629
3.03,-0.0026896647,0.0024512385
3.04,-0.0025974817,0.0023930890
3.05,-0.0025709399,0.0024046805
3.06,-0.0025427593,0.0024602048
3.07,-0.0025601911,0.0024737129
3.08,-0.0026165489,0.0024734358
3.09,-0.0025740247,0.0024555263
3.10,-0.0025895752,0.0024217754
3.11,-0.0025756476,0.0024484349
3.12,-0.0026601080,0.0024293070
3.13,-0.0026550938,0.0024563649
3.14,-0.0026285257,0.0024417697
3.15,-0.0025903538,0.0024308339
3.16,-0.0025643513,0.0024300066
3.17,-0.0025517626,0.0023956902
3.18,-0.0025671814,0.0024642006
3.19,-0.0025705954,0.0024596676
3.20,-0.0025926598,0.0024930306
3.21,-0.0026287541,0.0025294840
3.22,-0.0025703174,0.0025110254
3.23,-0.0026235413,0.0024778978
3.24,-0.0026303518,0.0024817660
3.25,-0.0025120042,0.0024908013
3.26,-0.0024976395,0.0024951401
3.27,-0.0026010412,0.0024222818
3.28,-0.0026298692,0.0024417383
3.29,-0.0025498117,0.0024535230
3.30,-0.0026376364,0.0024726759
3.31,-0.0025204064,0.0025180629
3.32,-0.0025420797,0.0025608020
3.33,-0.0025314114,0.0025473109
3.34,-0.0025729318,0.0025879571
3.35,-0.0025543706,0.0025385721
3.36,-0.0025188222,0.0025220891
3.37,-0.0025421898,0.0025068780
3.38,-0.0024984307,0.0025281056
3.39,-0.0025218371,0.0024979960
3.40,-0.0025382247,0.0025433912
3.41,-0.0025093276,0.0026059656
3.42,-0.0025035779,0.0025213263
3.43,-0.0025026554,0.0025296705
3.44,-0.0025436454,0.0025133824
3.45,-0.0025048763,0.0025335560
3.46,-0.0025303545,0.0025142396
3.47,-0.0025347758,0.0025086075
3.48,-0.0025475961,0.0025467302
3.49,-0.0026013511,0.0025305536
3.50,-0.0025602146,0.0025510627
3.51,-0.0025186457,0.0025573932
3.52,-0.0024708391,0.0025638652
3.53,-0.0025055690,0.0025202436
3.54,-0.0024403764,0.0025614854
3.55,-0.0024879966,0.0025788809
3.56,-0.0025353928,0.0025318330
3.57,-0.0025084787,0.0025660647
3.58,-0.0024872771,0.0025726650
3.59,-0.0024811088,0.0025794683
3.60,-0.0025155782,0.0025464101
3.61,-0.0025122131,0.0025443332
3.62,-0.0024422710,0.0025764969
3.63,-0.0024981324,0.0025537161
3.64,-0.0024829155,0.0025726885
3.65,-0.0024608625,0.0025146173
3.66,-0.0024468990,0.0025678566
3.67,-0.0024926153,0.0025800101
3.68,-0.0024852268,0.0025134669
3.69,-0.0024524489,0.0025084247
3.70,-0.0025202681,0.0025558104
3.71,-0.0025452664,0.0025567915
3.72,-0.0024735378,0.0026551753
3.73,-0.0025161458,0.0025804988
3.74,-0.0025223829,0.0025363220
3.75,-0.0025369495,0.0025625380
3.76,-0.0025523228,0.0025340910
3.77,-0.0025341581,0.0024809793
3.78,-0.0025180490,0.0025834267
3.79,-0.0024992623,0.0025766224
3.80,-0.0024947817,0.0025132485
3.81,-0.0024535828,0.0025279468
3.82,-0.0024776403,0.0025678659
3.83,-0.0024751206,0.0024854734
3.84,-0.0025043869,0.0025400529
3.85,-0.0024670276,0.0024932637
3.86,-0.0025138708,0.0025058247
3.87,-0.0025188674,0.0024806864
3.88,-0.0024955871,0.0024701967
3.89,-0.0024558040,0.0025205368
3.90,-0.0024455835,0.0025501403
3.91,-0.0024562427,0.0025241962
3.92,-0.0025661385,0.0024955156
3.93,-0.0025395844,0.0024850408
3.94,-0.0024957231,0.0025051208
3.95,-0.0025067031,0.0025551405
3.96,-0.0024803274,0.0025083215
3.97,-0.0025325881,0.0024808010
3.98,-0.0025112745,0.0025333201
3.99,-0.0025205777,0.0025440236
4.00,-0.0025214578,0.0024828191
4.01,-0.0025212376,0.0023734283
4.02,-0.0025585629,0.0024625505
4.03,-0.0024703760,0.0025188618
4.04,-0.0024756782,0.0025520967
4.05,-0.0024764151,0.0025148168
4.06,-0.0024911622,0.0024645934
4.07,-0.0024903272,0.0024819665
4.08,-0.0025604689,0.0025093139
4.09,-0.0025461027,0.0025394910
4.10,-0.0024823209,0.0025276744
4.11,-0.0025502637,0.0025039180
4.12,-0.0025178152,0.0025023459
4.13,-0.0025689180,0.0025104138
4.14,-0.0025184681,0.0024671571
4.15,-0.0025176217,0.0024904918
4.16,-0.0025562958,0.0024564678
4.17,-0.0025121365,0.0025153174
4.18,-0.0025246406,0.0025500837
4.19,-0.0025432243,0.0025059667
4.20,-0.0025601913,0.0025188464
4.21,-0.0025229848,0.0025075364
4.22,-0.0024604765,0.0024373035
4.23,-0.0025125791,0.0024693829
4.24,-0.0024803351,0.0025052519
4.25,-0.0025225114,0.0024784440
4.26,-0.0025192231,0.0024501509
4.27,-0.0025276328,0.0024549589
4.28,-0.0025429272,0.0024699760
4.29,-0.0025292179,0.0025201719
4.30,-0.0025294058,0.0025347876
4.31,-0.0025540644,0.0025104394
4.32,-0.0025455637,0.0024915126
4.33,-0.0024749686,0.0025140434
4.34,-0.0024642658,0.0025251170
4.35,-0.0024808752,0.0024973426
4.36,-0.0024967780,0.0025646044
4.37,-0.0024989878,0.0025059332
4.38,-0.0024839770,0.0025043532
4.39,-0.0025461647,0.0025607066
4.40,-0.0025061080,0.0025084971
4.41,-0.0024391979,0.0025224953
4.42,-0.0025465009,0.0025668945
4.43,-0.0025432715,0.0024928986
4.44,-0.0025774615,0.0025263687
4.45,-0.0025520860,0.0024922870
4.46,-0.0025145991,0.0025191440
4.47,-0.0024792200,0.0025562742
4.48,-0.0025233296,0.0025420319
4.49,-0.0025691448,0.0025413889
4.50,-0.0025018302,0.0024712237
4.51,-0.0025113348,0.0024861337
4.52,-0.0024505591,0.0025056785
4.53,-0.0025077430,0.0025540595
4.54,-0.0025255503,0.0025533985
4.55,-0.0024794831,0.0025277650
4.56,-0.0024923969,0.0025140254
4.57,-0.0024747811,0.0025097132
4.58,-0.0024156971,0.0025545172
4.59,-0.0024412537,0.0025285480
4.60,-0.0024314255,0.0024926278
4.61,-0.0024871717,0.0025466308
4.62,-0.0025324994,0.0024909265
4.63,-0.0025078030,0.0025358899
4.64,-0.0024754219,0.0025181617
4.65,-0.0025140399,0.0024623587
4.66,-0.0025081760,0.0024692684
4.67,-0.0025564758,0.0024736605
4.68,-0.0025317548,0.0024854995
4.69,-0.0025107756,0.0024946711
4.70,-0.0024901119,0.0025103078
4.71,-0.0024663243,0.0025792052
4.72,-0.0024703622,0.0025396668
4.73,-0.0024341960,0.0025007115
4.74,-0.0024664642,0.0025020922
4.75,-0.0025572120,0.0024953771
4.76,-0.0025260586,0.0024765274
4.77,-0.0025324554,0.0024621820
4.78,-0.0025507014,0.0025118070
4.79,-0.0025245745,0.0025179579
4.80,-0.0024810066,0.0024848841
4.81,-0.0024611501,0.0024544625
4.82,-0.0025095243,0.0025200453
4.83,-0.0025291950,0.0024875205
4.84,-0.0025151968,0.0025454292
4.85,-0.0025189102,0.0024903652
4.86,-0.0024795271,0.0024961818
4.87,-0.0025557345,0.0025370058
4.88,-0.0025434003,0.0025147304
4.89,-0.0025106787,0.0025217603
4.90,-0.0024813856,0.0024580951
4.91,-0.0025838204,0.0024888155
4.92,-0.0025350121,0.0025110336
4.93,-0.0025630994,0.0025086664
4.94,-0.0025291287,0.0025073576
4.95,-0.0025063190,0.0024921261
4.96,-0.0025043422,0.0025142203
4.97,-0.0025328360,0.0024715709
4.98,-0.0025049245,0.0024782727
4.99,-0.0025550774,0.0025178916
5.00,-0.0025191347,0.0025145249
