lag_seconds,null_mean_acf,null_sd_acf,lower_simultaneous_95,upper_simultaneous_95
0.01,0.7683018969,0.0003235734,0.7670381802,0.7695656136
0.02,0.2590021167,0.0009566443,0.2552659400,0.2627382934
0.03,-0.1538688526,0.0012929719,-0.1589185575,-0.1488191477
0.04,-0.2537834102,0.0012160963,-0.2585328769,-0.2490339436
0.05,-0.1260271792,0.0011861741,-0.1306597848,-0.1213945737
0.06,0.0044069282,0.0012801841,-0.0005928338,0.0094066902
0.07,0.0138209135,0.0012836827,0.0088074880,0.0188343391
0.08,-0.0531795612,0.0012708300,-0.0581427907,-0.0482163317
0.09,-0.0972077435,0.0012757728,-0.1021902769,-0.0922252100
0.10,-0.0837999183,0.0012469601,-0.0886699240,-0.0789299126
0.11,-0.0501500546,0.0012653291,-0.0550918003,-0.0452083089
0.12,-0.0376438372,0.0012830590,-0.0426548273,-0.0326328472
0.13,-0.0483950380,0.0012841379,-0.0534102416,-0.0433798344
0.14,-0.0600081462,0.0012911075,-0.0650505697,-0.0549657228
0.15,-0.0589797853,0.0012845153,-0.0639964628,-0.0539631079
0.16,-0.0505529142,0.0012717487,-0.0555197316,-0.0455860967
0.17,-0.0450770643,0.0012730885,-0.0500491144,-0.0401050142
0.18,-0.0451972085,0.0012859795,-0.0502196044,-0.0401748126
0.19,-0.0465692186,0.0013019764,-0.0516540905,-0.0414843467
0.20,-0.0454858421,0.0013035255,-0.0505767641,-0.0403949202
0.21,-0.0423909814,0.0012817566,-0.0473968849,-0.0373850779
0.22,-0.0395447373,0.0012870291,-0.0445712323,-0.0345182424
0.23,-0.0378455139,0.0013031274,-0.0429348810,-0.0327561468
0.24,-0.0366019603,0.0013210586,-0.0417613577,-0.0314425628
0.25,-0.0348798360,0.0013129361,-0.0400075108,-0.0297521612
0.26,-0.0327206754,0.0012901617,-0.0377594050,-0.0276819457
0.27,-0.0305358418,0.0013051398,-0.0356330684,-0.0254386152
0.28,-0.0285904534,0.0012935329,-0.0336423492,-0.0235385576
0.29,-0.0267814877,0.0012982969,-0.0318519894,-0.0217109861
0.30,-0.0249081800,0.0012956200,-0.0299682270,-0.0198481330
0.31,-0.0229231375,0.0013147027,-0.0280577119,-0.0177885630
0.32,-0.0209600866,0.0013194475,-0.0261131918,-0.0158069814
0.33,-0.0190848552,0.0013184154,-0.0242339295,-0.0139357809
0.34,-0.0172636159,0.0013000201,-0.0223408474,-0.0121863844
0.35,-0.0154581725,0.0013052419,-0.0205557978,-0.0103605472
0.36,-0.0136483434,0.0012939588,-0.0187019024,-0.0085947845
0.37,-0.0119252520,0.0013080843,-0.0170339781,-0.0068165258
0.38,-0.0102477521,0.0013047322,-0.0153433869,-0.0051521174
0.39,-0.0086189707,0.0013066204,-0.0137219795,-0.0035159618
0.40,-0.0070520367,0.0012982803,-0.0121224733,-0.0019816002
0.41,-0.0055301999,0.0012986534,-0.0106020937,-0.0004583060
0.42,-0.0040676157,0.0012866507,-0.0090926329,0.0009574015
0.43,-0.0026752245,0.0012847959,-0.0076929977,0.0023425488
0.44,-0.0013614876,0.0013045070,-0.0064562425,0.0037332673
0.45,-0.0001122613,0.0012965906,-0.0051760987,0.0049515762
0.46,0.0010778537,0.0012906559,-0.0039628059,0.0061185133
0.47,0.0021986144,0.0012939157,-0.0028547762,0.0072520050
0.48,0.0032412196,0.0012862924,-0.0017823981,0.0082648374
0.49,0.0042162117,0.0012906443,-0.0008244025,0.0092568258
0.50,0.0051159022,0.0012868576,0.0000900768,0.0101417275
0.51,0.0059203605,0.0012797122,0.0009224416,0.0109182794
0.52,0.0066433005,0.0012757513,0.0016608508,0.0116257502
0.53,0.0073303207,0.0012902748,0.0022911495,0.0123694918
0.54,0.0079322104,0.0012982086,0.0028620536,0.0130023671
0.55,0.0084740980,0.0012910854,0.0034317611,0.0135164348
0.56,0.0089496180,0.0012955711,0.0038897620,0.0140094740
0.57,0.0093603064,0.0012892475,0.0043251475,0.0143954653
0.58,0.0096520269,0.0013008968,0.0045713715,0.0147326822
0.59,0.0099188071,0.0012970719,0.0048530898,0.0149845244
0.60,0.0101467302,0.0013005154,0.0050675641,0.0152258963
0.61,0.0103039595,0.0013083594,0.0051941587,0.0154137602
0.62,0.0103790769,0.0012918080,0.0053339179,0.0154242360
0.63,0.0104032960,0.0012764418,0.0054181497,0.0153884423
0.64,0.0103632487,0.0012757389,0.0053808476,0.0153456498
0.65,0.0102893786,0.0012930209,0.0052394827,0.0153392745
0.66,0.0101566092,0.0012898882,0.0051189478,0.0151942706
0.67,0.0100093746,0.0013014686,0.0049264860,0.0150922632
0.68,0.0098081874,0.0012925790,0.0047600172,0.0148563576
0.69,0.0095648232,0.0012901459,0.0045261553,0.0146034911
0.70,0.0092723273,0.0012920035,0.0042264049,0.0143182498
0.71,0.0089834008,0.0013027529,0.0038954965,0.0140713050
0.72,0.0086283045,0.0012988235,0.0035557465,0.0137008625
0.73,0.0082631990,0.0012940024,0.0032094697,0.0133169283
0.74,0.0078493815,0.0013065677,0.0027465782,0.0129521848
0.75,0.0074355206,0.0012918505,0.0023901957,0.0124808455
0.76,0.0070177813,0.0012872255,0.0019905190,0.0120450436
0.77,0.0065752589,0.0012776064,0.0015855642,0.0115649536
0.78,0.0061148819,0.0012937365,0.0010621910,0.0111675729
0.79,0.0056577049,0.0012978702,0.0005888700,0.0107265398
0.80,0.0051764462,0.0012949417,0.0001190484,0.0102338441
0.81,0.0046867241,0.0013008686,-0.0003938212,0.0097672694
0.82,0.0041908724,0.0012866719,-0.0008342278,0.0092159727
0.83,0.0036956527,0.0012912683,-0.0013473984,0.0087387038
0.84,0.0032175758,0.0012992968,-0.0018568308,0.0082919823
0.85,0.0027487293,0.0012938002,-0.0023042104,0.0078016690
0.86,0.0022864737,0.0012949233,-0.0027708520,0.0073437994
0.87,0.0018281409,0.0012952421,-0.0032304303,0.0068867121
0.88,0.0013940711,0.0012843025,-0.0036217753,0.0064099174
0.89,0.0009582523,0.0013065006,-0.0041442886,0.0060607932
0.90,0.0005414565,0.0012857694,-0.0044801188,0.0055630318
0.91,0.0001263346,0.0013028993,-0.0049621414,0.0052148106
0.92,-0.0002731921,0.0012800204,-0.0052723146,0.0047259305
0.93,-0.0006406753,0.0012954265,-0.0056999663,0.0044186158
0.94,-0.0009939972,0.0013134269,-0.0061235888,0.0041355944
0.95,-0.0013131331,0.0012908614,-0.0063545951,0.0037283288
0.96,-0.0016344822,0.0012916025,-0.0066788388,0.0034098744
0.97,-0.0019162445,0.0013143575,-0.0070494708,0.0032169817
0.98,-0.0021933720,0.0013000935,-0.0072708902,0.0028841462
0.99,-0.0024687020,0.0012888783,-0.0075024192,0.0025650152
1.00,-0.0026808518,0.0012830957,-0.0076919852,0.0023302816
1.01,-0.0028808148,0.0012862079,-0.0079041028,0.0021424732
1.02,-0.0030759146,0.0012862408,-0.0080993309,0.0019475016
1.03,-0.0032300866,0.0012847812,-0.0082478027,0.0017876295
1.04,-0.0033610728,0.0012833267,-0.0083731083,0.0016509627
1.05,-0.0034768112,0.0012833540,-0.0084889532,0.0015353308
1.06,-0.0035707419,0.0012991453,-0.0086445569,0.0015030732
1.07,-0.0036607526,0.0012992212,-0.0087348640,0.0014133589
1.08,-0.0037501236,0.0012880190,-0.0087804847,0.0012802375
1.09,-0.0037834742,0.0012694815,-0.0087414371,0.0011744887
1.10,-0.0037989460,0.0013020609,-0.0088841478,0.0012862558
1.11,-0.0037853586,0.0013039994,-0.0088781313,0.0013074141
1.12,-0.0037612167,0.0012974282,-0.0088283257,0.0013058923
1.13,-0.0037297663,0.0012851445,-0.0087489012,0.0012893685
1.14,-0.0036783467,0.0012867016,-0.0087035628,0.0013468694
1.15,-0.0036287828,0.0012977218,-0.0086970384,0.0014394728
1.16,-0.0035472806,0.0013055115,-0.0086459588,0.0015513976
1.17,-0.0034770018,0.0013062029,-0.0085783801,0.0016243766
1.18,-0.0033715151,0.0012962793,-0.0084341368,0.0016911066
1.19,-0.0032484937,0.0012897770,-0.0082857207,0.0017887334
1.20,-0.0031067350,0.0012977438,-0.0081750765,0.0019616065
1.21,-0.0029716452,0.0012917548,-0.0080165967,0.0020733062
1.22,-0.0028240875,0.0012882655,-0.0078554113,0.0022072363
1.23,-0.0026481464,0.0012817142,-0.0076538842,0.0023575915
1.24,-0.0025097148,0.0012850211,-0.0075283676,0.0025089379
1.25,-0.0023630339,0.0013029643,-0.0074517641,0.0027256963
1.26,-0.0022002811,0.0012891313,-0.0072349864,0.0028344242
1.27,-0.0020327727,0.0012986126,-0.0071045071,0.0030389617
1.28,-0.0018910245,0.0012948868,-0.0069482078,0.0031661588
1.29,-0.0017252563,0.0012724575,-0.0066948420,0.0032443294
1.30,-0.0015168602,0.0012723227,-0.0064859194,0.0034521989
1.31,-0.0013115286,0.0012818653,-0.0063178566,0.0036947994
1.32,-0.0011587364,0.0012940622,-0.0062126995,0.0038952267
1.33,-0.0009842372,0.0013036195,-0.0060755261,0.0041070517
1.34,-0.0008225259,0.0012973225,-0.0058892220,0.0042441702
1.35,-0.0006640740,0.0012967289,-0.0057284516,0.0044003037
1.36,-0.0004893180,0.0013041166,-0.0055825481,0.0046039122
1.37,-0.0003343508,0.0012988221,-0.0054069036,0.0047382020
1.38,-0.0001790858,0.0012705885,-0.0051413720,0.0047832005
1.39,-0.0000079037,0.0012851654,-0.0050271199,0.0050113125
1.40,0.0001081503,0.0012932914,-0.0049428023,0.0051591030
1.41,0.0002502140,0.0012905825,-0.0047901588,0.0052905867
1.42,0.0003745365,0.0012870174,-0.0046519130,0.0054009860
1.43,0.0005219330,0.0012854014,-0.0044982053,0.0055420712
1.44,0.0006473773,0.0012876068,-0.0043813740,0.0056761285
1.45,0.0007582633,0.0012979638,-0.0043109372,0.0058274639
1.46,0.0008408358,0.0013024015,-0.0042456964,0.0059273679
1.47,0.0009138753,0.0012994713,-0.0041612128,0.0059889633
1.48,0.0009966174,0.0012837279,-0.0040169849,0.0060102197
1.49,0.0010978317,0.0012893661,-0.0039377905,0.0061334539
1.50,0.0011681506,0.0013035100,-0.0039227108,0.0062590121
1.51,0.0012347351,0.0012973382,-0.0038320224,0.0063014925
1.52,0.0013132493,0.0012808369,-0.0036890621,0.0063155606
1.53,0.0013613483,0.0012864803,-0.0036630035,0.0063857002
1.54,0.0013993060,0.0012955554,-0.0036604887,0.0064591008
1.55,0.0014266409,0.0012918712,-0.0036187649,0.0064720468
1.56,0.0014548490,0.0012903824,-0.0035847423,0.0064944402
1.57,0.0014565106,0.0012912689,-0.0035865429,0.0064995641
1.58,0.0014912895,0.0012945066,-0.0035644092,0.0065469882
1.59,0.0014865877,0.0012850985,-0.0035323673,0.0065055428
1.60,0.0014863463,0.0012909627,-0.0035555116,0.0065282042
1.61,0.0014695693,0.0012800935,-0.0035298390,0.0064689775
1.62,0.0014445709,0.0012782283,-0.0035475528,0.0064366946
1.63,0.0014136293,0.0012913738,-0.0036298340,0.0064570927
1.64,0.0013916242,0.0012992897,-0.0036827548,0.0064660031
1.65,0.0013661271,0.0012998602,-0.0037104800,0.0064427341
1.66,0.0013328352,0.0013124371,-0.0037928907,0.0064585612
1.67,0.0012964808,0.0012796242,-0.0037010945,0.0062940561
1.68,0.0012484572,0.0013017180,-0.0038354054,0.0063323199
1.69,0.0012071477,0.0012897142,-0.0038298342,0.0062441296
1.70,0.0011503823,0.0013030593,-0.0039387189,0.0062394836
1.71,0.0011014408,0.0013024472,-0.0039852697,0.0061881513
1.72,0.0010461055,0.0013005331,-0.0040331296,0.0061253406
1.73,0.0009805820,0.0012933521,-0.0040706078,0.0060317718
1.74,0.0009221240,0.0012963137,-0.0041406323,0.0059848803
1.75,0.0008490175,0.0012858229,-0.0041727668,0.0058708018
1.76,0.0007929855,0.0012807915,-0.0042091488,0.0057951198
1.77,0.0007290075,0.0012788231,-0.0042654390,0.0057234541
1.78,0.0006628378,0.0012966791,-0.0044013453,0.0057270209
1.79,0.0005947870,0.0012765833,-0.0043909120,0.0055804860
1.80,0.0005241061,0.0012921187,-0.0045222666,0.0055704788
1.81,0.0004772484,0.0012904770,-0.0045627126,0.0055172093
1.82,0.0003814495,0.0013036588,-0.0047099928,0.0054728919
1.83,0.0003132147,0.0013037350,-0.0047785254,0.0054049548
1.84,0.0002407060,0.0012937449,-0.0048120176,0.0052934296
1.85,0.0001870250,0.0012893907,-0.0048486933,0.0052227433
1.86,0.0001552321,0.0012888462,-0.0048783596,0.0051888237
1.87,0.0000974811,0.0012867797,-0.0049280401,0.0051230024
1.88,0.0000361983,0.0012932426,-0.0050145636,0.0050869601
1.89,-0.0000306422,0.0012889424,-0.0050646098,0.0050033254
1.90,-0.0000919912,0.0012869506,-0.0051181798,0.0049341975
1.91,-0.0001339532,0.0013027736,-0.0052219386,0.0049540321
1.92,-0.0001895439,0.0012961260,-0.0052515670,0.0048724791
1.93,-0.0002288842,0.0013049727,-0.0053254579,0.0048676896
1.94,-0.0002680110,0.0013057073,-0.0053674540,0.0048314321
1.95,-0.0003233420,0.0012881109,-0.0053540622,0.0047073782
1.96,-0.0003602209,0.0012799458,-0.0053590522,0.0046386103
1.97,-0.0003937322,0.0012819353,-0.0054003333,0.0046128689
1.98,-0.0004345054,0.0013002560,-0.0055126581,0.0046436474
1.99,-0.0004538245,0.0012911033,-0.0054962312,0.0045885823
2.00,-0.0004707805,0.0012967129,-0.0055350956,0.0045935345
2.01,-0.0004771708,0.0013159127,-0.0056164709,0.0046621294
2.02,-0.0005053920,0.0013053695,-0.0056035155,0.0045927314
2.03,-0.0005290906,0.0013039651,-0.0056217295,0.0045635483
2.04,-0.0005404551,0.0012950301,-0.0055981982,0.0045172881
2.05,-0.0005620883,0.0013015503,-0.0056452960,0.0045211194
2.06,-0.0005642485,0.0012881032,-0.0055949384,0.0044664413
2.07,-0.0005522825,0.0012815660,-0.0055574412,0.0044528763
2.08,-0.0005605061,0.0012947191,-0.0056170346,0.0044960224
2.09,-0.0005552060,0.0013046266,-0.0056504279,0.0045400160
2.10,-0.0005546380,0.0012971687,-0.0056207335,0.0045114575
2.11,-0.0005739978,0.0012909789,-0.0056159187,0.0044679232
2.12,-0.0005737100,0.0012753615,-0.0055546373,0.0044072173
2.13,-0.0005625544,0.0012819980,-0.0055694005,0.0044442917
2.14,-0.0005393493,0.0013041992,-0.0056329025,0.0045542039
2.15,-0.0005126380,0.0012877257,-0.0055418538,0.0045165779
2.16,-0.0005101277,0.0012811099,-0.0055135054,0.0044932501
2.17,-0.0005011438,0.0012876551,-0.0055300837,0.0045277961
2.18,-0.0004844090,0.0012842751,-0.0055001485,0.0045313306
2.19,-0.0004785952,0.0012929299,-0.0055281361,0.0045709456
2.20,-0.0004633623,0.0012960782,-0.0055251986,0.0045984741
2.21,-0.0004164213,0.0012959012,-0.0054775663,0.0046447237
2.22,-0.0003998063,0.0012900036,-0.0054379182,0.0046383056
2.23,-0.0003635374,0.0012920891,-0.0054097944,0.0046827195
2.24,-0.0003478802,0.0013106284,-0.0054665424,0.0047707821
2.25,-0.0003206769,0.0012954901,-0.0053802164,0.0047388625
2.26,-0.0003024947,0.0012910582,-0.0053447253,0.0047397359
2.27,-0.0002701876,0.0012974572,-0.0053374095,0.0047970343
2.28,-0.0002396162,0.0012968712,-0.0053045495,0.0048253172
2.29,-0.0002332386,0.0012827267,-0.0052429305,0.0047764533
2.30,-0.0002138609,0.0013054565,-0.0053123241,0.0048846023
2.31,-0.0001850105,0.0013078249,-0.0052927237,0.0049227026
2.32,-0.0001556736,0.0012825659,-0.0051647379,0.0048533906
2.33,-0.0001356127,0.0012739274,-0.0051109392,0.0048397139
2.34,-0.0001200481,0.0012918724,-0.0051654587,0.0049253625
2.35,-0.0000742989,0.0012984079,-0.0051452338,0.0049966361
2.36,-0.0000602406,0.0012960577,-0.0051219970,0.0050015158
2.37,-0.0000446181,0.0012995454,-0.0051199957,0.0050307595
2.38,-0.0000292825,0.0012848517,-0.0050472736,0.0049887086
2.39,-0.0000085479,0.0012835767,-0.0050215596,0.0050044637
2.40,0.0000079553,0.0012882651,-0.0050233669,0.0050392775
2.41,0.0000320384,0.0012912471,-0.0050109302,0.0050750069
2.42,0.0000652951,0.0012957239,-0.0049951576,0.0051257477
2.43,0.0000806216,0.0012973597,-0.0049862197,0.0051474629
2.44,0.0000983693,0.0012859446,-0.0049238904,0.0051206291
2.45,0.0000927205,0.0013021526,-0.0049928393,0.0051782803
2.46,0.0001196928,0.0012906564,-0.0049209689,0.0051603544
2.47,0.0001445431,0.0012942851,-0.0049102903,0.0051993764
2.48,0.0001517633,0.0012925949,-0.0048964692,0.0051999958
2.49,0.0001712992,0.0012915699,-0.0048729300,0.0052155285
2.50,0.0001722485,0.0012991367,-0.0049015328,0.0052460298
2.51,0.0001875749,0.0013029989,-0.0049012901,0.0052764399
2.52,0.0001963943,0.0012991622,-0.0048774865,0.0052702751
2.53,0.0002143938,0.0012926196,-0.0048339352,0.0052627227
2.54,0.0002279499,0.0012939894,-0.0048257287,0.0052816284
2.55,0.0002265988,0.0012841567,-0.0047886783,0.0052418759
2.56,0.0002227018,0.0012873235,-0.0048049432,0.0052503468
2.57,0.0002210499,0.0012811845,-0.0047826190,0.0052247187
2.58,0.0002085745,0.0012799094,-0.0047901146,0.0052072636
2.59,0.0002215875,0.0013061239,-0.0048794825,0.0053226575
2.60,0.0002131499,0.0013057320,-0.0048863894,0.0053126892
2.61,0.0002197198,0.0012946761,-0.0048366408,0.0052760805
2.62,0.0002364276,0.0012866289,-0.0047885046,0.0052613598
2.63,0.0002189812,0.0012756527,-0.0047630833,0.0052010458
2.64,0.0002113599,0.0012823360,-0.0047968063,0.0052195261
2.65,0.0001990970,0.0013007239,-0.0048808831,0.0052790770
2.66,0.0001891059,0.0012895547,-0.0048472530,0.0052254647
2.67,0.0001708226,0.0012855932,-0.0048500646,0.0051917099
2.68,0.0001661249,0.0012816796,-0.0048394778,0.0051717275
2.69,0.0001756178,0.0012623355,-0.0047544364,0.0051056720
2.70,0.0001618369,0.0012901985,-0.0048770362,0.0052007100
2.71,0.0001632971,0.0012779563,-0.0048277641,0.0051543582
2.72,0.0001554984,0.0012761115,-0.0048283580,0.0051393548
2.73,0.0001546446,0.0012748023,-0.0048240986,0.0051333879
2.74,0.0001590336,0.0012828444,-0.0048511181,0.0051691853
2.75,0.0001562265,0.0012869501,-0.0048699602,0.0051824132
2.76,0.0001239429,0.0013105559,-0.0049944361,0.0052423219
2.77,0.0001152769,0.0012927865,-0.0049337037,0.0051642575
2.78,0.0001109888,0.0012803571,-0.0048894487,0.0051114264
2.79,0.0000919530,0.0012798290,-0.0049064220,0.0050903280
2.80,0.0001089690,0.0012877324,-0.0049202728,0.0051382108
2.81,0.0000767331,0.0012886459,-0.0049560765,0.0051095427
2.82,0.0000665835,0.0012990841,-0.0050069924,0.0051401595
2.83,0.0000544430,0.0012946453,-0.0050017971,0.0051106831
2.84,0.0000403180,0.0012870106,-0.0049861047,0.0050667407
2.85,0.0000318977,0.0012837867,-0.0049819344,0.0050457297
2.86,0.0000453190,0.0012746441,-0.0049328064,0.0050234443
2.87,0.0000440021,0.0012846538,-0.0049732164,0.0050612206
2.88,0.0000138727,0.0012823541,-0.0049943644,0.0050221097
2.89,0.0000034451,0.0012787136,-0.0049905737,0.0049974638
2.90,0.0000200476,0.0012975381,-0.0050474905,0.0050875857
2.91,0.0000102556,0.0013041287,-0.0050830220,0.0051035332
2.92,0.0000082788,0.0012996132,-0.0050673634,0.0050839210
2.93,-0.0000192357,0.0013060789,-0.0051201297,0.0050816582
2.94,-0.0000293272,0.0012893576,-0.0050649164,0.0050062621
2.95,-0.0000218007,0.0012734396,-0.0049952221,0.0049516206
2.96,-0.0000324467,0.0012807645,-0.0050344752,0.0049695818
2.97,-0.0000537592,0.0012974390,-0.0051209103,0.0050133918
2.98,-0.0000668505,0.0012929106,-0.0051163159,0.0049826150
2.99,-0.0000686030,0.0012845681,-0.0050854867,0.0049482807
3.00,-0.0000695459,0.0012799893,-0.0050685469,0.0049294551
3.01,-0.0000588356,0.0012917646,-0.0051038254,0.0049861541
3.02,-0.0000833137,0.0013060413,-0.0051840611,0.0050174338
3.03,-0.0000837905,0.0012941380,-0.0051380495,0.0049704686
3.04,-0.0000932078,0.0012836535,-0.0051065195,0.0049201040
3.05,-0.0000919611,0.0012717561,-0.0050588075,0.0048748854
3.06,-0.0000706441,0.0012775432,-0.0050600921,0.0049188039
3.07,-0.0000748921,0.0012829325,-0.0050853878,0.0049356035
3.08,-0.0000727341,0.0012972215,-0.0051390356,0.0049935674
3.09,-0.0000724354,0.0012701263,-0.0050329165,0.0048880458
3.10,-0.0000666490,0.0012825700,-0.0050757293,0.0049424313
3.11,-0.0000792551,0.0012834843,-0.0050919061,0.0049333959
3.12,-0.0000951754,0.0013092608,-0.0052084965,0.0050181458
3.13,-0.0001065454,0.0013031577,-0.0051960307,0.0049829400
3.14,-0.0000918844,0.0012960468,-0.0051535980,0.0049698292
3.15,-0.0000903626,0.0012877932,-0.0051198420,0.0049391168
3.16,-0.0000871326,0.0012695535,-0.0050453767,0.0048711115
3.17,-0.0000843340,0.0012702333,-0.0050452329,0.0048765649
3.18,-0.0000793548,0.0012834022,-0.0050916851,0.0049329754
3.19,-0.0000758160,0.0012818287,-0.0050820010,0.0049303691
3.20,-0.0000796539,0.0012942098,-0.0051341931,0.0049748853
3.21,-0.0000709345,0.0013156557,-0.0052092310,0.0050673620
3.22,-0.0000626727,0.0013021931,-0.0051483909,0.0050230455
3.23,-0.0000661729,0.0012927226,-0.0051149039,0.0049825580
3.24,-0.0000551530,0.0012952651,-0.0051138137,0.0050035078
3.25,-0.0000493291,0.0012756895,-0.0050315375,0.0049328794
3.26,-0.0000374595,0.0012862677,-0.0050609807,0.0049860618
3.27,-0.0000692616,0.0012865093,-0.0050937265,0.0049552033
3.28,-0.0000757246,0.0012785367,-0.0050690527,0.0049176035
3.29,-0.0000602146,0.0012816403,-0.0050656636,0.0049452343
3.30,-0.0000381409,0.0012923319,-0.0050853461,0.0050090643
3.31,-0.0000262591,0.0012808078,-0.0050284568,0.0049759387
3.32,-0.0000110779,0.0012956335,-0.0050711776,0.0050490219
3.33,-0.0000049351,0.0012938810,-0.0050581905,0.0050483203
3.34,0.0000005128,0.0013016020,-0.0050828969,0.0050839225
3.35,-0.0000166726,0.0013033008,-0.0051067166,0.0050733715
3.36,-0.0000237584,0.0012908634,-0.0050652283,0.0050177114
3.37,-0.0000213024,0.0012892426,-0.0050564423,0.0050138375
3.38,-0.0000050697,0.0012881430,-0.0050359152,0.0050257758
3.39,-0.0000023951,0.0012854702,-0.0050228018,0.0050180116
3.40,0.0000041872,0.0012899602,-0.0050337552,0.0050421295
3.41,0.0000109514,0.0013014729,-0.0050719539,0.0050938567
3.42,0.0000038774,0.0012870050,-0.0050225235,0.0050302783
3.43,0.0000026395,0.0012852016,-0.0050167183,0.0050219972
3.44,-0.0000154088,0.0012864389,-0.0050395987,0.0050087811
3.45,0.0000005550,0.0012867079,-0.0050246855,0.0050257955
3.46,0.0000066070,0.0012909607,-0.0050352431,0.0050484571
3.47,-0.0000081193,0.0012831699,-0.0050195424,0.0050033037
3.48,0.0000025597,0.0012911823,-0.0050401557,0.0050452751
3.49,-0.0000159060,0.0012953955,-0.0050750761,0.0050432642
3.50,0.0000173265,0.0013062132,-0.0050840923,0.0051187452
3.51,0.0000336573,0.0012970527,-0.0050319851,0.0050992998
3.52,0.0000271966,0.0012993351,-0.0050473594,0.0051017526
3.53,0.0000268481,0.0012764637,-0.0049583840,0.0050120802
3.54,0.0000415045,0.0012816636,-0.0049640356,0.0050470446
3.55,0.0000324670,0.0012819491,-0.0049741883,0.0050391223
3.56,0.0000337458,0.0012922738,-0.0050132326,0.0050807242
3.57,0.0000231443,0.0012904237,-0.0050166082,0.0050628969
3.58,0.0000306853,0.0012919656,-0.0050150893,0.0050764598
3.59,0.0000471988,0.0012979673,-0.0050220153,0.0051164129
3.60,0.0000194140,0.0012957895,-0.0050412947,0.0050801228
3.61,0.0000341597,0.0012864799,-0.0049901906,0.0050585099
3.62,0.0000357082,0.0012904090,-0.0050039873,0.0050754037
3.63,0.0000119456,0.0012974883,-0.0050553981,0.0050792893
3.64,0.0000244546,0.0012894694,-0.0050115711,0.0050604802
3.65,0.0000393315,0.0012883695,-0.0049923984,0.0050710614
3.66,0.0000435978,0.0012785798,-0.0049498984,0.0050370941
3.67,0.0000413086,0.0012836240,-0.0049718880,0.0050545052
3.68,-0.0000015805,0.0012836636,-0.0050149318,0.0050117708
3.69,0.0000071624,0.0012690365,-0.0049490624,0.0049633872
3.70,-0.0000053005,0.0012921489,-0.0050517912,0.0050411901
3.71,0.0000138781,0.0013045678,-0.0050811144,0.0051088705
3.72,0.0000275546,0.0013072555,-0.0050779349,0.0051330441
3.73,0.0000448552,0.0012947501,-0.0050117941,0.0051015045
3.74,0.0000254765,0.0012919965,-0.0050204189,0.0050713720
3.75,0.0000016296,0.0012987081,-0.0050704780,0.0050737372
3.76,0.0000032016,0.0012983797,-0.0050676234,0.0050740266
3.77,0.0000087765,0.0012907718,-0.0050323356,0.0050498886
3.78,0.0000165204,0.0012942128,-0.0050380308,0.0050710716
3.79,0.0000350167,0.0012939529,-0.0050185192,0.0050885527
3.80,0.0000203239,0.0012861032,-0.0050025551,0.0050432029
3.81,0.0000327242,0.0012625941,-0.0048983400,0.0049637884
3.82,0.0000319944,0.0012804355,-0.0049687493,0.0050327382
3.83,0.0000145685,0.0012794339,-0.0049822634,0.0050114003
3.84,0.0000042711,0.0012680276,-0.0049480137,0.0049565559
3.85,0.0000107493,0.0012800956,-0.0049886672,0.0050101657
3.86,-0.0000132576,0.0012792554,-0.0050093926,0.0049828774
3.87,0.0000098955,0.0012819590,-0.0049967983,0.0050165892
3.88,0.0000017058,0.0012757438,-0.0049807143,0.0049841260
3.89,0.0000140419,0.0012637646,-0.0049215936,0.0049496774
3.90,0.0000174184,0.0012676320,-0.0049333214,0.0049681583
3.91,-0.0000019942,0.0012689088,-0.0049577205,0.0049537321
3.92,-0.0000231072,0.0012989928,-0.0050963264,0.0050501120
3.93,-0.0000131191,0.0012846329,-0.0050302557,0.0050040175
3.94,0.0000064462,0.0012806583,-0.0049951679,0.0050080604
3.95,0.0000050280,0.0013010522,-0.0050762343,0.0050862903
3.96,0.0000040137,0.0012760790,-0.0049797158,0.0049877432
3.97,-0.0000027595,0.0012866975,-0.0050279594,0.0050224405
3.98,-0.0000069893,0.0012880532,-0.0050374839,0.0050235053
3.99,-0.0000110620,0.0012843466,-0.0050270805,0.0050049564
4.00,-0.0000195271,0.0012704013,-0.0049810822,0.0049420279
4.01,-0.0000304181,0.0012613150,-0.0049564868,0.0048956506
4.02,-0.0000334438,0.0012715651,-0.0049995441,0.0049326565
4.03,-0.0000124316,0.0012863133,-0.0050361312,0.0050112680
4.04,0.0000018565,0.0012816469,-0.0050036186,0.0050073315
4.05,-0.0000050179,0.0012734846,-0.0049786151,0.0049685793
4.06,-0.0000132397,0.0012772854,-0.0050016807,0.0049752014
4.07,-0.0000164031,0.0012709678,-0.0049801707,0.0049473645
4.08,-0.0000234327,0.0012798825,-0.0050220166,0.0049751512
4.09,0.0000032028,0.0012887881,-0.0050301622,0.0050365678
4.10,0.0000156070,0.0012683739,-0.0049380301,0.0049692442
4.11,0.0000086011,0.0012877432,-0.0050206830,0.0050378853
4.12,-0.0000050470,0.0012892084,-0.0050400535,0.0050299595
4.13,-0.0000238812,0.0013008867,-0.0051044972,0.0050567347
4.14,-0.0000138849,0.0012816236,-0.0050192689,0.0049914991
4.15,-0.0000111655,0.0012726332,-0.0049814373,0.0049591064
4.16,-0.0000105757,0.0012821823,-0.0050181418,0.0049969904
4.17,-0.0000033978,0.0012804968,-0.0050043811,0.0049975854
4.18,0.0000019113,0.0012892824,-0.0050333841,0.0050372067
4.19,-0.0000074927,0.0012905937,-0.0050479094,0.0050329241
4.20,-0.0000051352,0.0012872781,-0.0050326027,0.0050223324
4.21,-0.0000219603,0.0012895254,-0.0050582048,0.0050142843
4.22,-0.0000063226,0.0012768745,-0.0049931589,0.0049805136
4.23,-0.0000020053,0.0012826881,-0.0050115467,0.0050075361
4.24,-0.0000019082,0.0012758357,-0.0049846873,0.0049808709
4.25,-0.0000157335,0.0012715206,-0.0049816601,0.0049501930
4.26,-0.0000227426,0.0012766592,-0.0050087380,0.0049632528
4.27,-0.0000230000,0.0012812858,-0.0050270644,0.0049810645
4.28,-0.0000056636,0.0012858471,-0.0050275422,0.0050162150
4.29,-0.0000124943,0.0012969889,-0.0050778876,0.0050528989
4.30,-0.0000036420,0.0012939937,-0.0050573372,0.0050500532
4.31,-0.0000050639,0.0012884043,-0.0050369298,0.0050268020
4.32,0.0000037228,0.0012928362,-0.0050454520,0.0050528976
4.33,0.0000164326,0.0012677739,-0.0049348612,0.0049677265
4.34,0.0000173603,0.0012726975,-0.0049531628,0.0049878833
4.35,-0.0000036460,0.0012887980,-0.0050370497,0.0050297578
4.36,-0.0000083590,0.0012889987,-0.0050425463,0.0050258283
4.37,0.0000067199,0.0012724717,-0.0049629214,0.0049763612
4.38,0.0000052878,0.0012828346,-0.0050048258,0.0050154014
4.39,-0.0000064035,0.0012912026,-0.0050491980,0.0050363910
4.40,0.0000054734,0.0012782220,-0.0049866254,0.0049975722
4.41,0.0000211902,0.0012710381,-0.0049428519,0.0049852323
4.42,0.0000147178,0.0012987748,-0.0050576500,0.0050870857
4.43,0.0000025811,0.0012831275,-0.0050086763,0.0050138385
4.44,-0.0000220908,0.0012931275,-0.0050724034,0.0050282217
4.45,-0.0000068288,0.0012870074,-0.0050332393,0.0050195817
4.46,-0.0000148633,0.0012844489,-0.0050312815,0.0050015549
4.47,0.0000137661,0.0012847342,-0.0050037663,0.0050312984
4.48,-0.0000066875,0.0012900619,-0.0050450271,0.0050316521
4.49,0.0000037795,0.0012880549,-0.0050267220,0.0050342810
4.50,-0.0000207216,0.0012722533,-0.0049895099,0.0049480667
4.51,-0.0000120689,0.0012814412,-0.0050167404,0.0049926026
4.52,0.0000020895,0.0012824502,-0.0050065225,0.0050107015
4.53,-0.0000082374,0.0012909266,-0.0050499543,0.0050334796
4.54,0.0000091869,0.0012806076,-0.0049922291,0.0050106028
4.55,0.0000105673,0.0012794769,-0.0049864327,0.0050075672
4.56,0.0000137423,0.0012763068,-0.0049708769,0.0049983616
4.57,0.0000096542,0.0012796730,-0.0049881114,0.0050074198
4.58,0.0000210567,0.0012742389,-0.0049554862,0.0049975997
4.59,-0.0000077676,0.0012726630,-0.0049781559,0.0049626208
4.60,0.0000089242,0.0012622273,-0.0049207075,0.0049385560
4.61,0.0000065502,0.0012785279,-0.0049867436,0.0049998440
4.62,0.0000096198,0.0012795646,-0.0049877228,0.0050069624
4.63,0.0000141357,0.0012941364,-0.0050401170,0.0050683884
4.64,0.0000139746,0.0012663165,-0.0049316274,0.0049595765
4.65,-0.0000041736,0.0012666524,-0.0049510874,0.0049427401
4.66,-0.0000130664,0.0012743645,-0.0049900998,0.0049639670
4.67,-0.0000291407,0.0012859845,-0.0050515560,0.0049932746
4.68,-0.0000106314,0.0012924603,-0.0050583383,0.0050370754
4.69,-0.0000118846,0.0012907600,-0.0050529508,0.0050291816
4.70,0.0000128648,0.0012806653,-0.0049887765,0.0050145060
4.71,0.0000195616,0.0012791953,-0.0049763384,0.0050154616
4.72,0.0000280359,0.0012794507,-0.0049688616,0.0050249335
4.73,0.0000172086,0.0012641530,-0.0049199438,0.0049543611
4.74,0.0000017977,0.0012703326,-0.0049594893,0.0049630846
4.75,-0.0000174050,0.0012873849,-0.0050452897,0.0050104796
4.76,-0.0000215352,0.0012741145,-0.0049975921,0.0049545217
4.77,-0.0000215571,0.0012845643,-0.0050384261,0.0049953118
4.78,-0.0000160397,0.0012895230,-0.0050522746,0.0050201951
4.79,-0.0000221729,0.0012843612,-0.0050382484,0.0049939026
4.80,0.0000016761,0.0012722661,-0.0049671620,0.0049705142
4.81,0.0000014022,0.0012714574,-0.0049642775,0.0049670819
4.82,0.0000233896,0.0012770205,-0.0049640167,0.0050107959
4.83,0.0000131225,0.0012751437,-0.0049669540,0.0049931991
4.84,0.0000224650,0.0012782858,-0.0049698832,0.0050148131
4.85,0.0000026414,0.0012761813,-0.0049814875,0.0049867702
4.86,0.0000113529,0.0012730233,-0.0049604425,0.0049831483
4.87,0.0000240591,0.0012935923,-0.0050280685,0.0050761867
4.88,0.0000114892,0.0012900429,-0.0050267762,0.0050497545
4.89,0.0000059000,0.0012840664,-0.0050090243,0.0050208244
4.90,0.0000033653,0.0012777110,-0.0049867378,0.0049934684
4.91,-0.0000201833,0.0012789376,-0.0050150770,0.0049747105
4.92,-0.0000234457,0.0012836172,-0.0050366156,0.0049897241
4.93,-0.0000173688,0.0012878133,-0.0050469264,0.0050121889
4.94,-0.0000001352,0.0012789813,-0.0049951995,0.0049949291
4.95,0.0000042404,0.0012847268,-0.0050132632,0.0050217439
4.96,0.0000062963,0.0012781009,-0.0049853296,0.0049979223
4.97,-0.0000061392,0.0012779719,-0.0049972612,0.0049849829
4.98,-0.0000217516,0.0012754544,-0.0050030419,0.0049595386
4.99,0.0000028390,0.0012805244,-0.0049982520,0.0050039301
5.00,0.0000045403,0.0012801473,-0.0049950778,0.0050041584
