method,n_cases,clean_snr_gain_db_mean,amplitude_ratio_clean_median,waveform_correlation_z_mean,delay_s_mean,background_suppression_db_mean
AdvGate,816,0.23952917763148932,0.0,0.2849707830404553,-0.25643382352941174,43.779168234403826
AdvScale,816,0.0865694717184543,0.014129698276519775,0.6923464815444843,-0.003786764705882353,40.000000194057804
AdvShrink,816,1.2246166888365246,0.35719870030879974,0.4709558493799747,-0.029730392156862746,11.288877456963883
Band-pass,816,0.3746310975987119,1.3192549140052678,0.6833338821166941,-0.0010784313725490198,0.5697629886786261
CovNorm-lambda0,816,-0.025888471528236135,0.7393428068379504,0.3998815025641299,0.002843137254901961,5.875134453979198
CovNorm-lambda0.1,816,-0.16048690267512616,0.7419792140304426,0.38695501446062025,0.010674019607843139,5.733597760829664
CovNorm-lambda0.5,816,-0.23573800690370833,0.7696173991944049,0.3752654211021245,-0.0002450980392156865,5.751319283597481
DeepDenoiser,816,1.45111938063425,0.24405752826143373,0.6269931348931734,-0.0028799019607843143,21.505395080634585
IdealizedWienerUpperBound,816,3.6926253130004363,0.44690420968065947,0.7647204269218362,-0.00024509803921568627,16.736048168682782
Identity,816,0.0,1.4129697427528924,0.692346481549994,-0.003786764705882353,-1.171456970306744e-13
N2V-point,816,0.15678925676187597,1.409078299999237,0.6876707519142272,-0.002757352941176471,0.2534167825409763
N2V-sync,816,0.018227667413350492,1.4108874201774597,0.689578626960904,-0.0036151960784313727,0.14139005378340233
Wiener-blind,816,1.754605349208941,1.033807476417754,0.6899905271169491,-0.0037132352941176474,2.2235186229589767
