method,reference_method,metric,source_metric,n_stations,n_matched_cases,estimate,ci95_low,ci95_high,ci_excludes_zero,replicates,seed
AdvGate,Identity,clean_snr_gain,clean_snr_gain_db,34,816,0.2395291776314893,0.15173209623218709,0.32532764111607854,True,20000,20260611
AdvGate,Identity,correlation_difference,waveform_correlation_z,34,816,-0.4073756985095386,-0.4347345927854079,-0.3775717670005326,True,20000,20260611
AdvGate,Identity,background_suppression_difference,background_suppression_db,34,816,43.77916823440394,30.59088698560555,58.5765895852943,True,20000,20260611
AdvScale,Identity,clean_snr_gain,clean_snr_gain_db,34,816,0.08656947171845432,0.08597041496281493,0.08719639627572309,True,20000,20260611
AdvScale,Identity,correlation_difference,waveform_correlation_z,34,816,-5.509672494249228e-12,-7.187391868734154e-11,5.888007213551976e-11,False,20000,20260611
AdvScale,Identity,background_suppression_difference,background_suppression_db,34,816,40.000000194057925,40.00000019370317,40.00000019443437,True,20000,20260611
AdvShrink,Identity,clean_snr_gain,clean_snr_gain_db,34,816,1.2246166888365249,1.11996827149728,1.3357229903179684,True,20000,20260611
AdvShrink,Identity,correlation_difference,waveform_correlation_z,34,816,-0.2213906321700192,-0.24049452981381061,-0.2013708778439055,True,20000,20260611
AdvShrink,Identity,background_suppression_difference,background_suppression_db,34,816,11.288877456964,9.875610929843003,12.694947384788838,True,20000,20260611
Band-pass,Identity,clean_snr_gain,clean_snr_gain_db,34,816,0.37463109759871177,0.2641580740888537,0.49289345042944477,True,20000,20260611
Band-pass,Identity,correlation_difference,waveform_correlation_z,34,816,-0.009012599433299802,-0.01606148794651657,-0.0025906399781701916,True,20000,20260611
Band-pass,Identity,background_suppression_difference,background_suppression_db,34,816,0.5697629886787431,0.39550205523969967,0.7673179440115333,True,20000,20260611
CovNorm-lambda0,Identity,clean_snr_gain,clean_snr_gain_db,34,816,-0.025888471528236142,-0.10161285007498436,0.056411210694676056,False,20000,20260611
CovNorm-lambda0,Identity,correlation_difference,waveform_correlation_z,34,816,-0.2924649789858641,-0.3158542664159601,-0.2702091895169626,True,20000,20260611
CovNorm-lambda0,Identity,background_suppression_difference,background_suppression_db,34,816,5.875134453979315,5.52084336411547,6.229712314463437,True,20000,20260611
CovNorm-lambda0.1,Identity,clean_snr_gain,clean_snr_gain_db,34,816,-0.1604869026751261,-0.2367680479613411,-0.08124841721703153,True,20000,20260611
CovNorm-lambda0.1,Identity,correlation_difference,waveform_correlation_z,34,816,-0.3053914670893736,-0.32932709435063595,-0.28252584630017574,True,20000,20260611
CovNorm-lambda0.1,Identity,background_suppression_difference,background_suppression_db,34,816,5.733597760829781,5.434586385369489,6.0427481407602395,True,20000,20260611
CovNorm-lambda0.5,Identity,clean_snr_gain,clean_snr_gain_db,34,816,-0.23573800690370833,-0.3221238326105255,-0.1522380553291034,True,20000,20260611
CovNorm-lambda0.5,Identity,correlation_difference,waveform_correlation_z,34,816,-0.3170810604478694,-0.3408269502073142,-0.2945538704675077,True,20000,20260611
CovNorm-lambda0.5,Identity,background_suppression_difference,background_suppression_db,34,816,5.751319283597598,5.429976680344229,6.08248374280372,True,20000,20260611
DeepDenoiser,Identity,clean_snr_gain,clean_snr_gain_db,34,816,1.4511193806342497,1.2379497373509858,1.6875208158601291,True,20000,20260611
DeepDenoiser,Identity,correlation_difference,waveform_correlation_z,34,816,-0.06535334665682047,-0.09311124717137727,-0.035709086764815524,True,20000,20260611
DeepDenoiser,Identity,background_suppression_difference,background_suppression_db,34,816,21.505395080634706,19.896068989947015,23.144358090195745,True,20000,20260611
IdealizedWienerUpperBound,Identity,clean_snr_gain,clean_snr_gain_db,34,816,3.6926253130004367,3.3293929219792138,4.070673171887985,True,20000,20260611
IdealizedWienerUpperBound,Identity,correlation_difference,waveform_correlation_z,34,816,0.07237394537184233,0.04841571564853003,0.09934903259206115,True,20000,20260611
IdealizedWienerUpperBound,Identity,background_suppression_difference,background_suppression_db,34,816,16.7360481686829,16.107114720205416,17.450572124476423,True,20000,20260611
N2V-point,Identity,clean_snr_gain,clean_snr_gain_db,34,816,0.15678925676187594,0.07465624985379972,0.24504900762951604,True,20000,20260611
N2V-point,Identity,correlation_difference,waveform_correlation_z,34,816,-0.00467572963576673,-0.0068478021694442556,-0.0025560626689602123,True,20000,20260611
N2V-point,Identity,background_suppression_difference,background_suppression_db,34,816,0.25341678254109345,0.06387663030171896,0.4805300712857866,True,20000,20260611
N2V-sync,Identity,clean_snr_gain,clean_snr_gain_db,34,816,0.018227667413350496,-0.06722715442295778,0.11072885625835219,False,20000,20260611
N2V-sync,Identity,correlation_difference,waveform_correlation_z,34,816,-0.0027678545890900794,-0.004721420015019844,-0.0009460126367567925,True,20000,20260611
N2V-sync,Identity,background_suppression_difference,background_suppression_db,34,816,0.1413900537835195,-0.06666210462585846,0.39678562074319,False,20000,20260611
Wiener-blind,Identity,clean_snr_gain,clean_snr_gain_db,34,816,1.7546053492089413,1.517420514955692,1.988320049306043,True,20000,20260611
Wiener-blind,Identity,correlation_difference,waveform_correlation_z,34,816,-0.002355954433044843,-0.011052594650591333,0.006493642256654034,False,20000,20260611
Wiener-blind,Identity,background_suppression_difference,background_suppression_db,34,816,2.223518622959094,1.8159651254548137,2.642530415148707,True,20000,20260611
