case_id,network,station,location,channel_pattern,start_time,end_time,event_noise_role,target_snr_db,hidden_onset_s,p_time_s,sampling_rate_hz,preprocessing_config_id,deterministic_pairing_id,provider,fdsn_source,event_source_id
AM.R0BD5.event.20260411T225413,AM,R0BD5,00,EH?,2026-04-11T22:54:13.623000Z,2026-04-11T22:54:48.623000Z,external_real_event,,,10.0,100.0,preprocessing_v1_0_6,AM.R0BD5.event.20260411T225413,RASPISHAKE,https://data.raspberryshake.org/fdsnws/dataselect/1/query,AM.R0BD5.event.20260411T225413
AM.R0BD5.event.20260412T035354,AM,R0BD5,00,EH?,2026-04-12T03:53:54.893000Z,2026-04-12T03:54:29.893000Z,external_real_event,,,10.0,100.0,preprocessing_v1_0_6,AM.R0BD5.event.20260412T035354,RASPISHAKE,https://data.raspberryshake.org/fdsnws/dataselect/1/query,AM.R0BD5.event.20260412T035354
AM.R0BD5.event.20260414T210629,AM,R0BD5,00,EH?,2026-04-14T21:06:29.845000Z,2026-04-14T21:07:04.845000Z,external_real_event,,,10.0,100.0,preprocessing_v1_0_6,AM.R0BD5.event.20260414T210629,RASPISHAKE,https://data.raspberryshake.org/fdsnws/dataselect/1/query,AM.R0BD5.event.20260414T210629
AM.R0BD5.event.20260418T212920,AM,R0BD5,00,EH?,2026-04-18T21:29:20.327000Z,2026-04-18T21:29:55.327000Z,external_real_event,,,10.0,100.0,preprocessing_v1_0_6,AM.R0BD5.event.20260418T212920,RASPISHAKE,https://data.raspberryshake.org/fdsnws/dataselect/1/query,AM.R0BD5.event.20260418T212920
AM.R0BD5.event.20260429T063054,AM,R0BD5,00,EH?,2026-04-29T06:30:54.752000Z,2026-04-29T06:31:29.752000Z,external_real_event,,,10.0,100.0,preprocessing_v1_0_6,AM.R0BD5.event.20260429T063054,RASPISHAKE,https://data.raspberryshake.org/fdsnws/dataselect/1/query,AM.R0BD5.event.20260429T063054
AM.R0BD5.event.20260509T091124,AM,R0BD5,00,EH?,2026-05-09T09:11:24.310000Z,2026-05-09T09:11:59.310000Z,external_real_event,,,10.0,100.0,preprocessing_v1_0_6,AM.R0BD5.event.20260509T091124,RASPISHAKE,https://data.raspberryshake.org/fdsnws/dataselect/1/query,AM.R0BD5.event.20260509T091124
AM.R0BD5.event.20260522T171811,AM,R0BD5,00,EH?,2026-05-22T17:18:11.144000Z,2026-05-22T17:18:46.144000Z,external_real_event,,,10.0,100.0,preprocessing_v1_0_6,AM.R0BD5.event.20260522T171811,RASPISHAKE,https://data.raspberryshake.org/fdsnws/dataselect/1/query,AM.R0BD5.event.20260522T171811
AM.R0BD5.event.20260526T140804,AM,R0BD5,00,EH?,2026-05-26T14:08:04.624000Z,2026-05-26T14:08:39.624000Z,external_real_event,,,10.0,100.0,preprocessing_v1_0_6,AM.R0BD5.event.20260526T140804,RASPISHAKE,https://data.raspberryshake.org/fdsnws/dataselect/1/query,AM.R0BD5.event.20260526T140804
AM.R0ECF.event.20260120T072950,AM,R0ECF,00,EH?,2026-01-20T07:29:50.437000Z,2026-01-20T07:30:25.437000Z,external_real_event,,,10.0,100.0,preprocessing_v1_0_6,AM.R0ECF.event.20260120T072950,RASPISHAKE,https://data.raspberryshake.org/fdsnws/dataselect/1/query,AM.R0ECF.event.20260120T072950
AM.R0ECF.event.20260208T120425,AM,R0ECF,00,EH?,2026-02-08T12:04:25.104000Z,2026-02-08T12:05:00.104000Z,external_real_event,,,10.0,100.0,preprocessing_v1_0_6,AM.R0ECF.event.20260208T120425,RASPISHAKE,https://data.raspberryshake.org/fdsnws/dataselect/1/query,AM.R0ECF.event.20260208T120425
AM.R0ECF.event.20260223T052156,AM,R0ECF,00,EH?,2026-02-23T05:21:56.154000Z,2026-02-23T05:22:31.154000Z,external_real_event,,,10.0,100.0,preprocessing_v1_0_6,AM.R0ECF.event.20260223T052156,RASPISHAKE,https://data.raspberryshake.org/fdsnws/dataselect/1/query,AM.R0ECF.event.20260223T052156
AM.R0ECF.event.20260317T043241,AM,R0ECF,00,EH?,2026-03-17T04:32:41.454000Z,2026-03-17T04:33:16.454000Z,external_real_event,,,10.0,100.0,preprocessing_v1_0_6,AM.R0ECF.event.20260317T043241,RASPISHAKE,https://data.raspberryshake.org/fdsnws/dataselect/1/query,AM.R0ECF.event.20260317T043241
AM.R0ECF.event.20260326T143155,AM,R0ECF,00,EH?,2026-03-26T14:31:55.584000Z,2026-03-26T14:32:30.584000Z,external_real_event,,,10.0,100.0,preprocessing_v1_0_6,AM.R0ECF.event.20260326T143155,RASPISHAKE,https://data.raspberryshake.org/fdsnws/dataselect/1/query,AM.R0ECF.event.20260326T143155
AM.R0ECF.event.20260401T112829,AM,R0ECF,00,EH?,2026-04-01T11:28:29.774000Z,2026-04-01T11:29:04.774000Z,external_real_event,,,10.0,100.0,preprocessing_v1_0_6,AM.R0ECF.event.20260401T112829,RASPISHAKE,https://data.raspberryshake.org/fdsnws/dataselect/1/query,AM.R0ECF.event.20260401T112829
AM.R0ECF.event.20260420T080559,AM,R0ECF,00,EH?,2026-04-20T08:05:59.674000Z,2026-04-20T08:06:34.674000Z,external_real_event,,,10.0,100.0,preprocessing_v1_0_6,AM.R0ECF.event.20260420T080559,RASPISHAKE,https://data.raspberryshake.org/fdsnws/dataselect/1/query,AM.R0ECF.event.20260420T080559
AM.R0ECF.event.20260525T220218,AM,R0ECF,00,EH?,2026-05-25T22:02:18.944000Z,2026-05-25T22:02:53.944000Z,external_real_event,,,10.0,100.0,preprocessing_v1_0_6,AM.R0ECF.event.20260525T220218,RASPISHAKE,https://data.raspberryshake.org/fdsnws/dataselect/1/query,AM.R0ECF.event.20260525T220218
AM.R2004.event.20250923T174858,AM,R2004,00,EH?,2025-09-23T17:48:58.781000Z,2025-09-23T17:49:33.781000Z,external_real_event,,,10.0,100.0,preprocessing_v1_0_6,AM.R2004.event.20250923T174858,RASPISHAKE,https://data.raspberryshake.org/fdsnws/dataselect/1/query,AM.R2004.event.20250923T174858
AM.R2004.event.20251022T001347,AM,R2004,00,EH?,2025-10-22T00:13:47.981000Z,2025-10-22T00:14:22.981000Z,external_real_event,,,10.0,100.0,preprocessing_v1_0_6,AM.R2004.event.20251022T001347,RASPISHAKE,https://data.raspberryshake.org/fdsnws/dataselect/1/query,AM.R2004.event.20251022T001347
AM.R2004.event.20251027T195942,AM,R2004,00,EH?,2025-10-27T19:59:42.741000Z,2025-10-27T20:00:17.741000Z,external_real_event,,,10.0,100.0,preprocessing_v1_0_6,AM.R2004.event.20251027T195942,RASPISHAKE,https://data.raspberryshake.org/fdsnws/dataselect/1/query,AM.R2004.event.20251027T195942
AM.R2004.event.20251205T194039,AM,R2004,00,EH?,2025-12-05T19:40:39.886000Z,2025-12-05T19:41:14.886000Z,external_real_event,,,10.0,100.0,preprocessing_v1_0_6,AM.R2004.event.20251205T194039,RASPISHAKE,https://data.raspberryshake.org/fdsnws/dataselect/1/query,AM.R2004.event.20251205T194039
AM.R2004.event.20251217T231437,AM,R2004,00,EH?,2025-12-17T23:14:37.437000Z,2025-12-17T23:15:12.437000Z,external_real_event,,,10.0,100.0,preprocessing_v1_0_6,AM.R2004.event.20251217T231437,RASPISHAKE,https://data.raspberryshake.org/fdsnws/dataselect/1/query,AM.R2004.event.20251217T231437
AM.R2004.event.20251231T143954,AM,R2004,00,EH?,2025-12-31T14:39:54.298000Z,2025-12-31T14:40:29.298000Z,external_real_event,,,10.0,100.0,preprocessing_v1_0_6,AM.R2004.event.20251231T143954,RASPISHAKE,https://data.raspberryshake.org/fdsnws/dataselect/1/query,AM.R2004.event.20251231T143954
AM.R2004.event.20260101T065451,AM,R2004,00,EH?,2026-01-01T06:54:51.928000Z,2026-01-01T06:55:26.928000Z,external_real_event,,,10.0,100.0,preprocessing_v1_0_6,AM.R2004.event.20260101T065451,RASPISHAKE,https://data.raspberryshake.org/fdsnws/dataselect/1/query,AM.R2004.event.20260101T065451
AM.R2004.event.20260102T140446,AM,R2004,00,EH?,2026-01-02T14:04:46.298000Z,2026-01-02T14:05:21.298000Z,external_real_event,,,10.0,100.0,preprocessing_v1_0_6,AM.R2004.event.20260102T140446,RASPISHAKE,https://data.raspberryshake.org/fdsnws/dataselect/1/query,AM.R2004.event.20260102T140446
AM.R24AE.event.20260510T031455,AM,R24AE,00,EH?,2026-05-10T03:14:55.862000Z,2026-05-10T03:15:30.862000Z,external_real_event,,,10.0,100.0,preprocessing_v1_0_6,AM.R24AE.event.20260510T031455,RASPISHAKE,https://data.raspberryshake.org/fdsnws/dataselect/1/query,AM.R24AE.event.20260510T031455
AM.R24AE.event.20260510T071152,AM,R24AE,00,EH?,2026-05-10T07:11:52.652000Z,2026-05-10T07:12:27.652000Z,external_real_event,,,10.0,100.0,preprocessing_v1_0_6,AM.R24AE.event.20260510T071152,RASPISHAKE,https://data.raspberryshake.org/fdsnws/dataselect/1/query,AM.R24AE.event.20260510T071152
AM.R24AE.event.20260510T182251,AM,R24AE,00,EH?,2026-05-10T18:22:51.892000Z,2026-05-10T18:23:26.892000Z,external_real_event,,,10.0,100.0,preprocessing_v1_0_6,AM.R24AE.event.20260510T182251,RASPISHAKE,https://data.raspberryshake.org/fdsnws/dataselect/1/query,AM.R24AE.event.20260510T182251
AM.R24AE.event.20260513T104537,AM,R24AE,00,EH?,2026-05-13T10:45:37.762000Z,2026-05-13T10:46:12.762000Z,external_real_event,,,10.0,100.0,preprocessing_v1_0_6,AM.R24AE.event.20260513T104537,RASPISHAKE,https://data.raspberryshake.org/fdsnws/dataselect/1/query,AM.R24AE.event.20260513T104537
AM.R24AE.event.20260515T110754,AM,R24AE,00,EH?,2026-05-15T11:07:54.162000Z,2026-05-15T11:08:29.162000Z,external_real_event,,,10.0,100.0,preprocessing_v1_0_6,AM.R24AE.event.20260515T110754,RASPISHAKE,https://data.raspberryshake.org/fdsnws/dataselect/1/query,AM.R24AE.event.20260515T110754
AM.R24AE.event.20260517T062821,AM,R24AE,00,EH?,2026-05-17T06:28:21.672000Z,2026-05-17T06:28:56.672000Z,external_real_event,,,10.0,100.0,preprocessing_v1_0_6,AM.R24AE.event.20260517T062821,RASPISHAKE,https://data.raspberryshake.org/fdsnws/dataselect/1/query,AM.R24AE.event.20260517T062821
AM.R24AE.event.20260521T190057,AM,R24AE,00,EH?,2026-05-21T19:00:57.642000Z,2026-05-21T19:01:32.642000Z,external_real_event,,,10.0,100.0,preprocessing_v1_0_6,AM.R24AE.event.20260521T190057,RASPISHAKE,https://data.raspberryshake.org/fdsnws/dataselect/1/query,AM.R24AE.event.20260521T190057
AM.R24AE.event.20260528T114914,AM,R24AE,00,EH?,2026-05-28T11:49:14.332000Z,2026-05-28T11:49:49.332000Z,external_real_event,,,10.0,100.0,preprocessing_v1_0_6,AM.R24AE.event.20260528T114914,RASPISHAKE,https://data.raspberryshake.org/fdsnws/dataselect/1/query,AM.R24AE.event.20260528T114914
AM.R3B66.event.20260128T040037,AM,R3B66,00,EH?,2026-01-28T04:00:37.807000Z,2026-01-28T04:01:12.807000Z,external_real_event,,,10.0,100.0,preprocessing_v1_0_6,AM.R3B66.event.20260128T040037,RASPISHAKE,https://data.raspberryshake.org/fdsnws/dataselect/1/query,AM.R3B66.event.20260128T040037
AM.R3B66.event.20260504T152558,AM,R3B66,00,EH?,2026-05-04T15:25:58.713000Z,2026-05-04T15:26:33.713000Z,external_real_event,,,10.0,100.0,preprocessing_v1_0_6,AM.R3B66.event.20260504T152558,RASPISHAKE,https://data.raspberryshake.org/fdsnws/dataselect/1/query,AM.R3B66.event.20260504T152558
AM.R3B66.event.20260509T045314,AM,R3B66,00,EH?,2026-05-09T04:53:14.223000Z,2026-05-09T04:53:49.223000Z,external_real_event,,,10.0,100.0,preprocessing_v1_0_6,AM.R3B66.event.20260509T045314,RASPISHAKE,https://data.raspberryshake.org/fdsnws/dataselect/1/query,AM.R3B66.event.20260509T045314
AM.R3B66.event.20260515T113502,AM,R3B66,00,EH?,2026-05-15T11:35:02.883000Z,2026-05-15T11:35:37.883000Z,external_real_event,,,10.0,100.0,preprocessing_v1_0_6,AM.R3B66.event.20260515T113502,RASPISHAKE,https://data.raspberryshake.org/fdsnws/dataselect/1/query,AM.R3B66.event.20260515T113502
AM.R3B66.event.20260516T145524,AM,R3B66,00,EH?,2026-05-16T14:55:24.143000Z,2026-05-16T14:55:59.143000Z,external_real_event,,,10.0,100.0,preprocessing_v1_0_6,AM.R3B66.event.20260516T145524,RASPISHAKE,https://data.raspberryshake.org/fdsnws/dataselect/1/query,AM.R3B66.event.20260516T145524
AM.R3B66.event.20260525T220234,AM,R3B66,00,EH?,2026-05-25T22:02:34.513000Z,2026-05-25T22:03:09.513000Z,external_real_event,,,10.0,100.0,preprocessing_v1_0_6,AM.R3B66.event.20260525T220234,RASPISHAKE,https://data.raspberryshake.org/fdsnws/dataselect/1/query,AM.R3B66.event.20260525T220234
AM.R3B66.event.20260530T213337,AM,R3B66,00,EH?,2026-05-30T21:33:37.883000Z,2026-05-30T21:34:12.883000Z,external_real_event,,,10.0,100.0,preprocessing_v1_0_6,AM.R3B66.event.20260530T213337,RASPISHAKE,https://data.raspberryshake.org/fdsnws/dataselect/1/query,AM.R3B66.event.20260530T213337
AM.R3B66.event.20260531T214545,AM,R3B66,00,EH?,2026-05-31T21:45:45.963000Z,2026-05-31T21:46:20.963000Z,external_real_event,,,10.0,100.0,preprocessing_v1_0_6,AM.R3B66.event.20260531T214545,RASPISHAKE,https://data.raspberryshake.org/fdsnws/dataselect/1/query,AM.R3B66.event.20260531T214545
AM.R4DE2.event.20260320T002220,AM,R4DE2,00,EH?,2026-03-20T00:22:20.969000Z,2026-03-20T00:22:55.969000Z,external_real_event,,,10.0,100.0,preprocessing_v1_0_6,AM.R4DE2.event.20260320T002220,RASPISHAKE,https://data.raspberryshake.org/fdsnws/dataselect/1/query,AM.R4DE2.event.20260320T002220
AM.R4DE2.event.20260320T005105,AM,R4DE2,00,EH?,2026-03-20T00:51:05.419000Z,2026-03-20T00:51:40.419000Z,external_real_event,,,10.0,100.0,preprocessing_v1_0_6,AM.R4DE2.event.20260320T005105,RASPISHAKE,https://data.raspberryshake.org/fdsnws/dataselect/1/query,AM.R4DE2.event.20260320T005105
AM.R4DE2.event.20260320T011612,AM,R4DE2,00,EH?,2026-03-20T01:16:12.899000Z,2026-03-20T01:16:47.899000Z,external_real_event,,,10.0,100.0,preprocessing_v1_0_6,AM.R4DE2.event.20260320T011612,RASPISHAKE,https://data.raspberryshake.org/fdsnws/dataselect/1/query,AM.R4DE2.event.20260320T011612
AM.R4DE2.event.20260320T161652,AM,R4DE2,00,EH?,2026-03-20T16:16:52.059000Z,2026-03-20T16:17:27.059000Z,external_real_event,,,10.0,100.0,preprocessing_v1_0_6,AM.R4DE2.event.20260320T161652,RASPISHAKE,https://data.raspberryshake.org/fdsnws/dataselect/1/query,AM.R4DE2.event.20260320T161652
AM.R4DE2.event.20260409T215941,AM,R4DE2,00,EH?,2026-04-09T21:59:41.576000Z,2026-04-09T22:00:16.576000Z,external_real_event,,,10.0,100.0,preprocessing_v1_0_6,AM.R4DE2.event.20260409T215941,RASPISHAKE,https://data.raspberryshake.org/fdsnws/dataselect/1/query,AM.R4DE2.event.20260409T215941
AM.R4DE2.event.20260409T215958,AM,R4DE2,00,EH?,2026-04-09T21:59:58.416000Z,2026-04-09T22:00:33.416000Z,external_real_event,,,10.0,100.0,preprocessing_v1_0_6,AM.R4DE2.event.20260409T215958,RASPISHAKE,https://data.raspberryshake.org/fdsnws/dataselect/1/query,AM.R4DE2.event.20260409T215958
AM.R4DE2.event.20260410T131722,AM,R4DE2,00,EH?,2026-04-10T13:17:22.656000Z,2026-04-10T13:17:57.656000Z,external_real_event,,,10.0,100.0,preprocessing_v1_0_6,AM.R4DE2.event.20260410T131722,RASPISHAKE,https://data.raspberryshake.org/fdsnws/dataselect/1/query,AM.R4DE2.event.20260410T131722
AM.R4DE2.event.20260416T165558,AM,R4DE2,00,EH?,2026-04-16T16:55:58.036000Z,2026-04-16T16:56:33.036000Z,external_real_event,,,10.0,100.0,preprocessing_v1_0_6,AM.R4DE2.event.20260416T165558,RASPISHAKE,https://data.raspberryshake.org/fdsnws/dataselect/1/query,AM.R4DE2.event.20260416T165558
AM.R53B7.event.20260518T044639,AM,R53B7,00,EH?,2026-05-18T04:46:39.580000Z,2026-05-18T04:47:14.580000Z,external_real_event,,,10.0,100.0,preprocessing_v1_0_6,AM.R53B7.event.20260518T044639,RASPISHAKE,https://data.raspberryshake.org/fdsnws/dataselect/1/query,AM.R53B7.event.20260518T044639
AM.R53B7.event.20260518T211631,AM,R53B7,00,EH?,2026-05-18T21:16:31.640000Z,2026-05-18T21:17:06.640000Z,external_real_event,,,10.0,100.0,preprocessing_v1_0_6,AM.R53B7.event.20260518T211631,RASPISHAKE,https://data.raspberryshake.org/fdsnws/dataselect/1/query,AM.R53B7.event.20260518T211631
AM.R53B7.event.20260519T023019,AM,R53B7,00,EH?,2026-05-19T02:30:19.550000Z,2026-05-19T02:30:54.550000Z,external_real_event,,,10.0,100.0,preprocessing_v1_0_6,AM.R53B7.event.20260519T023019,RASPISHAKE,https://data.raspberryshake.org/fdsnws/dataselect/1/query,AM.R53B7.event.20260519T023019
AM.R53B7.event.20260520T165428,AM,R53B7,00,EH?,2026-05-20T16:54:28.980000Z,2026-05-20T16:55:03.980000Z,external_real_event,,,10.0,100.0,preprocessing_v1_0_6,AM.R53B7.event.20260520T165428,RASPISHAKE,https://data.raspberryshake.org/fdsnws/dataselect/1/query,AM.R53B7.event.20260520T165428
AM.R53B7.event.20260522T000808,AM,R53B7,00,EH?,2026-05-22T00:08:08.250000Z,2026-05-22T00:08:43.250000Z,external_real_event,,,10.0,100.0,preprocessing_v1_0_6,AM.R53B7.event.20260522T000808,RASPISHAKE,https://data.raspberryshake.org/fdsnws/dataselect/1/query,AM.R53B7.event.20260522T000808
AM.R53B7.event.20260523T150844,AM,R53B7,00,EH?,2026-05-23T15:08:44.630000Z,2026-05-23T15:09:19.630000Z,external_real_event,,,10.0,100.0,preprocessing_v1_0_6,AM.R53B7.event.20260523T150844,RASPISHAKE,https://data.raspberryshake.org/fdsnws/dataselect/1/query,AM.R53B7.event.20260523T150844
AM.R53B7.event.20260528T094145,AM,R53B7,00,EH?,2026-05-28T09:41:45.477000Z,2026-05-28T09:42:20.477000Z,external_real_event,,,10.0,100.0,preprocessing_v1_0_6,AM.R53B7.event.20260528T094145,RASPISHAKE,https://data.raspberryshake.org/fdsnws/dataselect/1/query,AM.R53B7.event.20260528T094145
AM.R53B7.event.20260531T024904,AM,R53B7,00,EH?,2026-05-31T02:49:04.727000Z,2026-05-31T02:49:39.727000Z,external_real_event,,,10.0,100.0,preprocessing_v1_0_6,AM.R53B7.event.20260531T024904,RASPISHAKE,https://data.raspberryshake.org/fdsnws/dataselect/1/query,AM.R53B7.event.20260531T024904
AM.R5C4C.event.20260330T022457,AM,R5C4C,00,EH?,2026-03-30T02:24:57.858000Z,2026-03-30T02:25:32.858000Z,external_real_event,,,10.0,100.0,preprocessing_v1_0_6,AM.R5C4C.event.20260330T022457,RASPISHAKE,https://data.raspberryshake.org/fdsnws/dataselect/1/query,AM.R5C4C.event.20260330T022457
AM.R5C4C.event.20260423T180101,AM,R5C4C,00,EH?,2026-04-23T18:01:01.071000Z,2026-04-23T18:01:36.071000Z,external_real_event,,,10.0,100.0,preprocessing_v1_0_6,AM.R5C4C.event.20260423T180101,RASPISHAKE,https://data.raspberryshake.org/fdsnws/dataselect/1/query,AM.R5C4C.event.20260423T180101
AM.R5C4C.event.20260509T045330,AM,R5C4C,00,EH?,2026-05-09T04:53:30.511000Z,2026-05-09T04:54:05.511000Z,external_real_event,,,10.0,100.0,preprocessing_v1_0_6,AM.R5C4C.event.20260509T045330,RASPISHAKE,https://data.raspberryshake.org/fdsnws/dataselect/1/query,AM.R5C4C.event.20260509T045330
AM.R5C4C.event.20260516T145453,AM,R5C4C,00,EH?,2026-05-16T14:54:53.591000Z,2026-05-16T14:55:28.591000Z,external_real_event,,,10.0,100.0,preprocessing_v1_0_6,AM.R5C4C.event.20260516T145453,RASPISHAKE,https://data.raspberryshake.org/fdsnws/dataselect/1/query,AM.R5C4C.event.20260516T145453
AM.R5C4C.event.20260519T180610,AM,R5C4C,00,EH?,2026-05-19T18:06:10.691000Z,2026-05-19T18:06:45.691000Z,external_real_event,,,10.0,100.0,preprocessing_v1_0_6,AM.R5C4C.event.20260519T180610,RASPISHAKE,https://data.raspberryshake.org/fdsnws/dataselect/1/query,AM.R5C4C.event.20260519T180610
AM.R5C4C.event.20260525T220138,AM,R5C4C,00,EH?,2026-05-25T22:01:38.651000Z,2026-05-25T22:02:13.651000Z,external_real_event,,,10.0,100.0,preprocessing_v1_0_6,AM.R5C4C.event.20260525T220138,RASPISHAKE,https://data.raspberryshake.org/fdsnws/dataselect/1/query,AM.R5C4C.event.20260525T220138
AM.R5C4C.event.20260530T213305,AM,R5C4C,00,EH?,2026-05-30T21:33:05.721000Z,2026-05-30T21:33:40.721000Z,external_real_event,,,10.0,100.0,preprocessing_v1_0_6,AM.R5C4C.event.20260530T213305,RASPISHAKE,https://data.raspberryshake.org/fdsnws/dataselect/1/query,AM.R5C4C.event.20260530T213305
AM.R5C4C.event.20260531T214452,AM,R5C4C,00,EH?,2026-05-31T21:44:52.521000Z,2026-05-31T21:45:27.521000Z,external_real_event,,,10.0,100.0,preprocessing_v1_0_6,AM.R5C4C.event.20260531T214452,RASPISHAKE,https://data.raspberryshake.org/fdsnws/dataselect/1/query,AM.R5C4C.event.20260531T214452
AM.R663D.event.20250924T222821,AM,R663D,00,EH?,2025-09-24T22:28:21.140000Z,2025-09-24T22:28:56.140000Z,external_real_event,,,10.0,100.0,preprocessing_v1_0_6,AM.R663D.event.20250924T222821,RASPISHAKE,https://data.raspberryshake.org/fdsnws/dataselect/1/query,AM.R663D.event.20250924T222821
AM.R663D.event.20251127T171925,AM,R663D,00,EH?,2025-11-27T17:19:25.693000Z,2025-11-27T17:20:00.693000Z,external_real_event,,,10.0,100.0,preprocessing_v1_0_6,AM.R663D.event.20251127T171925,RASPISHAKE,https://data.raspberryshake.org/fdsnws/dataselect/1/query,AM.R663D.event.20251127T171925
AM.R663D.event.20251208T142747,AM,R663D,00,EH?,2025-12-08T14:27:47.843000Z,2025-12-08T14:28:22.843000Z,external_real_event,,,10.0,100.0,preprocessing_v1_0_6,AM.R663D.event.20251208T142747,RASPISHAKE,https://data.raspberryshake.org/fdsnws/dataselect/1/query,AM.R663D.event.20251208T142747
AM.R663D.event.20260101T065417,AM,R663D,00,EH?,2026-01-01T06:54:17.503000Z,2026-01-01T06:54:52.503000Z,external_real_event,,,10.0,100.0,preprocessing_v1_0_6,AM.R663D.event.20260101T065417,RASPISHAKE,https://data.raspberryshake.org/fdsnws/dataselect/1/query,AM.R663D.event.20260101T065417
AM.R663D.event.20260113T074618,AM,R663D,00,EH?,2026-01-13T07:46:18.183000Z,2026-01-13T07:46:53.183000Z,external_real_event,,,10.0,100.0,preprocessing_v1_0_6,AM.R663D.event.20260113T074618,RASPISHAKE,https://data.raspberryshake.org/fdsnws/dataselect/1/query,AM.R663D.event.20260113T074618
AM.R663D.event.20260122T125349,AM,R663D,00,EH?,2026-01-22T12:53:49.773000Z,2026-01-22T12:54:24.773000Z,external_real_event,,,10.0,100.0,preprocessing_v1_0_6,AM.R663D.event.20260122T125349,RASPISHAKE,https://data.raspberryshake.org/fdsnws/dataselect/1/query,AM.R663D.event.20260122T125349
AM.R663D.event.20260212T134545,AM,R663D,00,EH?,2026-02-12T13:45:45.327000Z,2026-02-12T13:46:20.327000Z,external_real_event,,,10.0,100.0,preprocessing_v1_0_6,AM.R663D.event.20260212T134545,RASPISHAKE,https://data.raspberryshake.org/fdsnws/dataselect/1/query,AM.R663D.event.20260212T134545
AM.R663D.event.20260525T220238,AM,R663D,00,EH?,2026-05-25T22:02:38.438000Z,2026-05-25T22:03:13.438000Z,external_real_event,,,10.0,100.0,preprocessing_v1_0_6,AM.R663D.event.20260525T220238,RASPISHAKE,https://data.raspberryshake.org/fdsnws/dataselect/1/query,AM.R663D.event.20260525T220238
AM.R686A.event.20260503T121244,AM,R686A,00,EH?,2026-05-03T12:12:44.440000Z,2026-05-03T12:13:19.440000Z,external_real_event,,,10.0,100.0,preprocessing_v1_0_6,AM.R686A.event.20260503T121244,RASPISHAKE,https://data.raspberryshake.org/fdsnws/dataselect/1/query,AM.R686A.event.20260503T121244
AM.R686A.event.20260504T031322,AM,R686A,00,EH?,2026-05-04T03:13:22.140000Z,2026-05-04T03:13:57.140000Z,external_real_event,,,10.0,100.0,preprocessing_v1_0_6,AM.R686A.event.20260504T031322,RASPISHAKE,https://data.raspberryshake.org/fdsnws/dataselect/1/query,AM.R686A.event.20260504T031322
AM.R686A.event.20260505T024044,AM,R686A,00,EH?,2026-05-05T02:40:44.180000Z,2026-05-05T02:41:19.180000Z,external_real_event,,,10.0,100.0,preprocessing_v1_0_6,AM.R686A.event.20260505T024044,RASPISHAKE,https://data.raspberryshake.org/fdsnws/dataselect/1/query,AM.R686A.event.20260505T024044
AM.R686A.event.20260507T174538,AM,R686A,00,EH?,2026-05-07T17:45:38.469000Z,2026-05-07T17:46:13.469000Z,external_real_event,,,10.0,100.0,preprocessing_v1_0_6,AM.R686A.event.20260507T174538,RASPISHAKE,https://data.raspberryshake.org/fdsnws/dataselect/1/query,AM.R686A.event.20260507T174538
AM.R686A.event.20260510T031500,AM,R686A,00,EH?,2026-05-10T03:15:00.329000Z,2026-05-10T03:15:35.329000Z,external_real_event,,,10.0,100.0,preprocessing_v1_0_6,AM.R686A.event.20260510T031500,RASPISHAKE,https://data.raspberryshake.org/fdsnws/dataselect/1/query,AM.R686A.event.20260510T031500
AM.R686A.event.20260510T182331,AM,R686A,00,EH?,2026-05-10T18:23:31.489000Z,2026-05-10T18:24:06.489000Z,external_real_event,,,10.0,100.0,preprocessing_v1_0_6,AM.R686A.event.20260510T182331,RASPISHAKE,https://data.raspberryshake.org/fdsnws/dataselect/1/query,AM.R686A.event.20260510T182331
AM.R686A.event.20260515T110622,AM,R686A,00,EH?,2026-05-15T11:06:22.729000Z,2026-05-15T11:06:57.729000Z,external_real_event,,,10.0,100.0,preprocessing_v1_0_6,AM.R686A.event.20260515T110622,RASPISHAKE,https://data.raspberryshake.org/fdsnws/dataselect/1/query,AM.R686A.event.20260515T110622
AM.R686A.event.20260528T114952,AM,R686A,00,EH?,2026-05-28T11:49:52.649000Z,2026-05-28T11:50:27.649000Z,external_real_event,,,10.0,100.0,preprocessing_v1_0_6,AM.R686A.event.20260528T114952,RASPISHAKE,https://data.raspberryshake.org/fdsnws/dataselect/1/query,AM.R686A.event.20260528T114952
AM.R6928.event.20260120T072924,AM,R6928,00,EH?,2026-01-20T07:29:24.200000Z,2026-01-20T07:29:59.200000Z,external_real_event,,,10.0,100.0,preprocessing_v1_0_6,AM.R6928.event.20260120T072924,RASPISHAKE,https://data.raspberryshake.org/fdsnws/dataselect/1/query,AM.R6928.event.20260120T072924
AM.R6928.event.20260414T163755,AM,R6928,00,EH?,2026-04-14T16:37:55.307000Z,2026-04-14T16:38:30.307000Z,external_real_event,,,10.0,100.0,preprocessing_v1_0_6,AM.R6928.event.20260414T163755,RASPISHAKE,https://data.raspberryshake.org/fdsnws/dataselect/1/query,AM.R6928.event.20260414T163755
AM.R6928.event.20260515T113455,AM,R6928,00,EH?,2026-05-15T11:34:55.677000Z,2026-05-15T11:35:30.677000Z,external_real_event,,,10.0,100.0,preprocessing_v1_0_6,AM.R6928.event.20260515T113455,RASPISHAKE,https://data.raspberryshake.org/fdsnws/dataselect/1/query,AM.R6928.event.20260515T113455
AM.R6928.event.20260516T145540,AM,R6928,00,EH?,2026-05-16T14:55:40.437000Z,2026-05-16T14:56:15.437000Z,external_real_event,,,10.0,100.0,preprocessing_v1_0_6,AM.R6928.event.20260516T145540,RASPISHAKE,https://data.raspberryshake.org/fdsnws/dataselect/1/query,AM.R6928.event.20260516T145540
AM.R6928.event.20260519T180708,AM,R6928,00,EH?,2026-05-19T18:07:08.897000Z,2026-05-19T18:07:43.897000Z,external_real_event,,,10.0,100.0,preprocessing_v1_0_6,AM.R6928.event.20260519T180708,RASPISHAKE,https://data.raspberryshake.org/fdsnws/dataselect/1/query,AM.R6928.event.20260519T180708
AM.R6928.event.20260525T220230,AM,R6928,00,EH?,2026-05-25T22:02:30.297000Z,2026-05-25T22:03:05.297000Z,external_real_event,,,10.0,100.0,preprocessing_v1_0_6,AM.R6928.event.20260525T220230,RASPISHAKE,https://data.raspberryshake.org/fdsnws/dataselect/1/query,AM.R6928.event.20260525T220230
AM.R6928.event.20260530T213353,AM,R6928,00,EH?,2026-05-30T21:33:53.317000Z,2026-05-30T21:34:28.317000Z,external_real_event,,,10.0,100.0,preprocessing_v1_0_6,AM.R6928.event.20260530T213353,RASPISHAKE,https://data.raspberryshake.org/fdsnws/dataselect/1/query,AM.R6928.event.20260530T213353
AM.R6928.event.20260531T214539,AM,R6928,00,EH?,2026-05-31T21:45:39.927000Z,2026-05-31T21:46:14.927000Z,external_real_event,,,10.0,100.0,preprocessing_v1_0_6,AM.R6928.event.20260531T214539,RASPISHAKE,https://data.raspberryshake.org/fdsnws/dataselect/1/query,AM.R6928.event.20260531T214539
AM.R77C3.event.20260412T190442,AM,R77C3,00,EH?,2026-04-12T19:04:42.358000Z,2026-04-12T19:05:17.358000Z,external_real_event,,,10.0,100.0,preprocessing_v1_0_6,AM.R77C3.event.20260412T190442,RASPISHAKE,https://data.raspberryshake.org/fdsnws/dataselect/1/query,AM.R77C3.event.20260412T190442
AM.R77C3.event.20260426T022451,AM,R77C3,00,EH?,2026-04-26T02:24:51.373000Z,2026-04-26T02:25:26.373000Z,external_real_event,,,10.0,100.0,preprocessing_v1_0_6,AM.R77C3.event.20260426T022451,RASPISHAKE,https://data.raspberryshake.org/fdsnws/dataselect/1/query,AM.R77C3.event.20260426T022451
AM.R77C3.event.20260503T183928,AM,R77C3,00,EH?,2026-05-03T18:39:28.926000Z,2026-05-03T18:40:03.926000Z,external_real_event,,,10.0,100.0,preprocessing_v1_0_6,AM.R77C3.event.20260503T183928,RASPISHAKE,https://data.raspberryshake.org/fdsnws/dataselect/1/query,AM.R77C3.event.20260503T183928
AM.R77C3.event.20260520T141606,AM,R77C3,00,EH?,2026-05-20T14:16:06.196000Z,2026-05-20T14:16:41.196000Z,external_real_event,,,10.0,100.0,preprocessing_v1_0_6,AM.R77C3.event.20260520T141606,RASPISHAKE,https://data.raspberryshake.org/fdsnws/dataselect/1/query,AM.R77C3.event.20260520T141606
AM.R77C3.event.20260521T035234,AM,R77C3,00,EH?,2026-05-21T03:52:34.447000Z,2026-05-21T03:53:09.447000Z,external_real_event,,,10.0,100.0,preprocessing_v1_0_6,AM.R77C3.event.20260521T035234,RASPISHAKE,https://data.raspberryshake.org/fdsnws/dataselect/1/query,AM.R77C3.event.20260521T035234
AM.R77C3.event.20260523T001447,AM,R77C3,00,EH?,2026-05-23T00:14:47.111000Z,2026-05-23T00:15:22.111000Z,external_real_event,,,10.0,100.0,preprocessing_v1_0_6,AM.R77C3.event.20260523T001447,RASPISHAKE,https://data.raspberryshake.org/fdsnws/dataselect/1/query,AM.R77C3.event.20260523T001447
AM.R77C3.event.20260525T152634,AM,R77C3,00,EH?,2026-05-25T15:26:34.449000Z,2026-05-25T15:27:09.449000Z,external_real_event,,,10.0,100.0,preprocessing_v1_0_6,AM.R77C3.event.20260525T152634,RASPISHAKE,https://data.raspberryshake.org/fdsnws/dataselect/1/query,AM.R77C3.event.20260525T152634
AM.R77C3.event.20260528T220137,AM,R77C3,00,EH?,2026-05-28T22:01:37.432000Z,2026-05-28T22:02:12.432000Z,external_real_event,,,10.0,100.0,preprocessing_v1_0_6,AM.R77C3.event.20260528T220137,RASPISHAKE,https://data.raspberryshake.org/fdsnws/dataselect/1/query,AM.R77C3.event.20260528T220137
AM.R7813.event.20250715T090042,AM,R7813,00,EH?,2025-07-15T09:00:42.505000Z,2025-07-15T09:01:17.505000Z,external_real_event,,,10.0,100.0,preprocessing_v1_0_6,AM.R7813.event.20250715T090042,RASPISHAKE,https://data.raspberryshake.org/fdsnws/dataselect/1/query,AM.R7813.event.20250715T090042
AM.R7813.event.20250821T040136,AM,R7813,00,EH?,2025-08-21T04:01:36.645000Z,2025-08-21T04:02:11.645000Z,external_real_event,,,10.0,100.0,preprocessing_v1_0_6,AM.R7813.event.20250821T040136,RASPISHAKE,https://data.raspberryshake.org/fdsnws/dataselect/1/query,AM.R7813.event.20250821T040136
AM.R7813.event.20250917T215819,AM,R7813,00,EH?,2025-09-17T21:58:19.904000Z,2025-09-17T21:58:54.904000Z,external_real_event,,,10.0,100.0,preprocessing_v1_0_6,AM.R7813.event.20250917T215819,RASPISHAKE,https://data.raspberryshake.org/fdsnws/dataselect/1/query,AM.R7813.event.20250917T215819
AM.R7813.event.20260216T041411,AM,R7813,00,EH?,2026-02-16T04:14:11.344000Z,2026-02-16T04:14:46.344000Z,external_real_event,,,10.0,100.0,preprocessing_v1_0_6,AM.R7813.event.20260216T041411,RASPISHAKE,https://data.raspberryshake.org/fdsnws/dataselect/1/query,AM.R7813.event.20260216T041411
AM.R7813.event.20260315T202141,AM,R7813,00,EH?,2026-03-15T20:21:41.894000Z,2026-03-15T20:22:16.894000Z,external_real_event,,,10.0,100.0,preprocessing_v1_0_6,AM.R7813.event.20260315T202141,RASPISHAKE,https://data.raspberryshake.org/fdsnws/dataselect/1/query,AM.R7813.event.20260315T202141
AM.R7813.event.20260330T012845,AM,R7813,00,EH?,2026-03-30T01:28:45.329000Z,2026-03-30T01:29:20.329000Z,external_real_event,,,10.0,100.0,preprocessing_v1_0_6,AM.R7813.event.20260330T012845,RASPISHAKE,https://data.raspberryshake.org/fdsnws/dataselect/1/query,AM.R7813.event.20260330T012845
AM.R7813.event.20260423T180027,AM,R7813,00,EH?,2026-04-23T18:00:27.329000Z,2026-04-23T18:01:02.329000Z,external_real_event,,,10.0,100.0,preprocessing_v1_0_6,AM.R7813.event.20260423T180027,RASPISHAKE,https://data.raspberryshake.org/fdsnws/dataselect/1/query,AM.R7813.event.20260423T180027
AM.R7813.event.20260519T064820,AM,R7813,00,EH?,2026-05-19T06:48:20.859000Z,2026-05-19T06:48:55.859000Z,external_real_event,,,10.0,100.0,preprocessing_v1_0_6,AM.R7813.event.20260519T064820,RASPISHAKE,https://data.raspberryshake.org/fdsnws/dataselect/1/query,AM.R7813.event.20260519T064820
AM.R7BF6.event.20251025T195118,AM,R7BF6,00,EH?,2025-10-25T19:51:18.476000Z,2025-10-25T19:51:53.476000Z,external_real_event,,,10.0,100.0,preprocessing_v1_0_6,AM.R7BF6.event.20251025T195118,RASPISHAKE,https://data.raspberryshake.org/fdsnws/dataselect/1/query,AM.R7BF6.event.20251025T195118
AM.R7BF6.event.20251118T123752,AM,R7BF6,00,EH?,2025-11-18T12:37:52.326000Z,2025-11-18T12:38:27.326000Z,external_real_event,,,10.0,100.0,preprocessing_v1_0_6,AM.R7BF6.event.20251118T123752,RASPISHAKE,https://data.raspberryshake.org/fdsnws/dataselect/1/query,AM.R7BF6.event.20251118T123752
AM.R7BF6.event.20251207T231118,AM,R7BF6,00,EH?,2025-12-07T23:11:18.379000Z,2025-12-07T23:11:53.379000Z,external_real_event,,,10.0,100.0,preprocessing_v1_0_6,AM.R7BF6.event.20251207T231118,RASPISHAKE,https://data.raspberryshake.org/fdsnws/dataselect/1/query,AM.R7BF6.event.20251207T231118
AM.R7BF6.event.20260112T062954,AM,R7BF6,00,EH?,2026-01-12T06:29:54.879000Z,2026-01-12T06:30:29.879000Z,external_real_event,,,10.0,100.0,preprocessing_v1_0_6,AM.R7BF6.event.20260112T062954,RASPISHAKE,https://data.raspberryshake.org/fdsnws/dataselect/1/query,AM.R7BF6.event.20260112T062954
AM.R7BF6.event.20260213T205100,AM,R7BF6,00,EH?,2026-02-13T20:51:00.016000Z,2026-02-13T20:51:35.016000Z,external_real_event,,,10.0,100.0,preprocessing_v1_0_6,AM.R7BF6.event.20260213T205100,RASPISHAKE,https://data.raspberryshake.org/fdsnws/dataselect/1/query,AM.R7BF6.event.20260213T205100
AM.R7BF6.event.20260219T121605,AM,R7BF6,00,EH?,2026-02-19T12:16:05.496000Z,2026-02-19T12:16:40.496000Z,external_real_event,,,10.0,100.0,preprocessing_v1_0_6,AM.R7BF6.event.20260219T121605,RASPISHAKE,https://data.raspberryshake.org/fdsnws/dataselect/1/query,AM.R7BF6.event.20260219T121605
AM.R7BF6.event.20260309T230544,AM,R7BF6,00,EH?,2026-03-09T23:05:44.316000Z,2026-03-09T23:06:19.316000Z,external_real_event,,,10.0,100.0,preprocessing_v1_0_6,AM.R7BF6.event.20260309T230544,RASPISHAKE,https://data.raspberryshake.org/fdsnws/dataselect/1/query,AM.R7BF6.event.20260309T230544
AM.R7BF6.event.20260321T180701,AM,R7BF6,00,EH?,2026-03-21T18:07:01.756000Z,2026-03-21T18:07:36.756000Z,external_real_event,,,10.0,100.0,preprocessing_v1_0_6,AM.R7BF6.event.20260321T180701,RASPISHAKE,https://data.raspberryshake.org/fdsnws/dataselect/1/query,AM.R7BF6.event.20260321T180701
AM.R81CF.event.20251027T124753,AM,R81CF,00,EH?,2025-10-27T12:47:53.918000Z,2025-10-27T12:48:28.918000Z,external_real_event,,,10.0,100.0,preprocessing_v1_0_6,AM.R81CF.event.20251027T124753,RASPISHAKE,https://data.raspberryshake.org/fdsnws/dataselect/1/query,AM.R81CF.event.20251027T124753
AM.R81CF.event.20251104T235850,AM,R81CF,00,EH?,2025-11-04T23:58:50.185000Z,2025-11-04T23:59:25.185000Z,external_real_event,,,10.0,100.0,preprocessing_v1_0_6,AM.R81CF.event.20251104T235850,RASPISHAKE,https://data.raspberryshake.org/fdsnws/dataselect/1/query,AM.R81CF.event.20251104T235850
AM.R81CF.event.20260116T032812,AM,R81CF,00,EH?,2026-01-16T03:28:12.046000Z,2026-01-16T03:28:47.046000Z,external_real_event,,,10.0,100.0,preprocessing_v1_0_6,AM.R81CF.event.20260116T032812,RASPISHAKE,https://data.raspberryshake.org/fdsnws/dataselect/1/query,AM.R81CF.event.20260116T032812
AM.R81CF.event.20260119T153702,AM,R81CF,00,EH?,2026-01-19T15:37:02.796000Z,2026-01-19T15:37:37.796000Z,external_real_event,,,10.0,100.0,preprocessing_v1_0_6,AM.R81CF.event.20260119T153702,RASPISHAKE,https://data.raspberryshake.org/fdsnws/dataselect/1/query,AM.R81CF.event.20260119T153702
AM.R81CF.event.20260129T194131,AM,R81CF,00,EH?,2026-01-29T19:41:31.673000Z,2026-01-29T19:42:06.673000Z,external_real_event,,,10.0,100.0,preprocessing_v1_0_6,AM.R81CF.event.20260129T194131,RASPISHAKE,https://data.raspberryshake.org/fdsnws/dataselect/1/query,AM.R81CF.event.20260129T194131
AM.R81CF.event.20260213T013636,AM,R81CF,00,EH?,2026-02-13T01:36:36.533000Z,2026-02-13T01:37:11.533000Z,external_real_event,,,10.0,100.0,preprocessing_v1_0_6,AM.R81CF.event.20260213T013636,RASPISHAKE,https://data.raspberryshake.org/fdsnws/dataselect/1/query,AM.R81CF.event.20260213T013636
AM.R81CF.event.20260414T013356,AM,R81CF,00,EH?,2026-04-14T01:33:56.622000Z,2026-04-14T01:34:31.622000Z,external_real_event,,,10.0,100.0,preprocessing_v1_0_6,AM.R81CF.event.20260414T013356,RASPISHAKE,https://data.raspberryshake.org/fdsnws/dataselect/1/query,AM.R81CF.event.20260414T013356
AM.R81CF.event.20260429T150824,AM,R81CF,00,EH?,2026-04-29T15:08:24.585000Z,2026-04-29T15:08:59.585000Z,external_real_event,,,10.0,100.0,preprocessing_v1_0_6,AM.R81CF.event.20260429T150824,RASPISHAKE,https://data.raspberryshake.org/fdsnws/dataselect/1/query,AM.R81CF.event.20260429T150824
AM.R8219.event.20251208T053129,AM,R8219,00,EH?,2025-12-08T05:31:29.663000Z,2025-12-08T05:32:04.663000Z,external_real_event,,,10.0,100.0,preprocessing_v1_0_6,AM.R8219.event.20251208T053129,RASPISHAKE,https://data.raspberryshake.org/fdsnws/dataselect/1/query,AM.R8219.event.20251208T053129
AM.R8219.event.20260113T082942,AM,R8219,00,EH?,2026-01-13T08:29:42.986000Z,2026-01-13T08:30:17.986000Z,external_real_event,,,10.0,100.0,preprocessing_v1_0_6,AM.R8219.event.20260113T082942,RASPISHAKE,https://data.raspberryshake.org/fdsnws/dataselect/1/query,AM.R8219.event.20260113T082942
AM.R8219.event.20260113T083102,AM,R8219,00,EH?,2026-01-13T08:31:02.766000Z,2026-01-13T08:31:37.766000Z,external_real_event,,,10.0,100.0,preprocessing_v1_0_6,AM.R8219.event.20260113T083102,RASPISHAKE,https://data.raspberryshake.org/fdsnws/dataselect/1/query,AM.R8219.event.20260113T083102
AM.R8219.event.20260221T124511,AM,R8219,00,EH?,2026-02-21T12:45:11.920000Z,2026-02-21T12:45:46.920000Z,external_real_event,,,10.0,100.0,preprocessing_v1_0_6,AM.R8219.event.20260221T124511,RASPISHAKE,https://data.raspberryshake.org/fdsnws/dataselect/1/query,AM.R8219.event.20260221T124511
AM.R8219.event.20260326T084219,AM,R8219,00,EH?,2026-03-26T08:42:19.749000Z,2026-03-26T08:42:54.749000Z,external_real_event,,,10.0,100.0,preprocessing_v1_0_6,AM.R8219.event.20260326T084219,RASPISHAKE,https://data.raspberryshake.org/fdsnws/dataselect/1/query,AM.R8219.event.20260326T084219
AM.R8219.event.20260503T183912,AM,R8219,00,EH?,2026-05-03T18:39:12.389000Z,2026-05-03T18:39:47.389000Z,external_real_event,,,10.0,100.0,preprocessing_v1_0_6,AM.R8219.event.20260503T183912,RASPISHAKE,https://data.raspberryshake.org/fdsnws/dataselect/1/query,AM.R8219.event.20260503T183912
AM.R8219.event.20260520T141512,AM,R8219,00,EH?,2026-05-20T14:15:12.639000Z,2026-05-20T14:15:47.639000Z,external_real_event,,,10.0,100.0,preprocessing_v1_0_6,AM.R8219.event.20260520T141512,RASPISHAKE,https://data.raspberryshake.org/fdsnws/dataselect/1/query,AM.R8219.event.20260520T141512
AM.R8219.event.20260525T152727,AM,R8219,00,EH?,2026-05-25T15:27:27.789000Z,2026-05-25T15:28:02.789000Z,external_real_event,,,10.0,100.0,preprocessing_v1_0_6,AM.R8219.event.20260525T152727,RASPISHAKE,https://data.raspberryshake.org/fdsnws/dataselect/1/query,AM.R8219.event.20260525T152727
AM.R87FD.event.20260323T172646,AM,R87FD,00,EH?,2026-03-23T17:26:46.838000Z,2026-03-23T17:27:21.838000Z,external_real_event,,,10.0,100.0,preprocessing_v1_0_6,AM.R87FD.event.20260323T172646,RASPISHAKE,https://data.raspberryshake.org/fdsnws/dataselect/1/query,AM.R87FD.event.20260323T172646
AM.R87FD.event.20260323T184710,AM,R87FD,00,EH?,2026-03-23T18:47:10.038000Z,2026-03-23T18:47:45.038000Z,external_real_event,,,10.0,100.0,preprocessing_v1_0_6,AM.R87FD.event.20260323T184710,RASPISHAKE,https://data.raspberryshake.org/fdsnws/dataselect/1/query,AM.R87FD.event.20260323T184710
AM.R87FD.event.20260331T071214,AM,R87FD,00,EH?,2026-03-31T07:12:14.428000Z,2026-03-31T07:12:49.428000Z,external_real_event,,,10.0,100.0,preprocessing_v1_0_6,AM.R87FD.event.20260331T071214,RASPISHAKE,https://data.raspberryshake.org/fdsnws/dataselect/1/query,AM.R87FD.event.20260331T071214
AM.R87FD.event.20260425T143601,AM,R87FD,00,EH?,2026-04-25T14:36:01.348000Z,2026-04-25T14:36:36.348000Z,external_real_event,,,10.0,100.0,preprocessing_v1_0_6,AM.R87FD.event.20260425T143601,RASPISHAKE,https://data.raspberryshake.org/fdsnws/dataselect/1/query,AM.R87FD.event.20260425T143601
AM.R87FD.event.20260426T072653,AM,R87FD,00,EH?,2026-04-26T07:26:53.668000Z,2026-04-26T07:27:28.668000Z,external_real_event,,,10.0,100.0,preprocessing_v1_0_6,AM.R87FD.event.20260426T072653,RASPISHAKE,https://data.raspberryshake.org/fdsnws/dataselect/1/query,AM.R87FD.event.20260426T072653
AM.R87FD.event.20260426T125919,AM,R87FD,00,EH?,2026-04-26T12:59:19.598000Z,2026-04-26T12:59:54.598000Z,external_real_event,,,10.0,100.0,preprocessing_v1_0_6,AM.R87FD.event.20260426T125919,RASPISHAKE,https://data.raspberryshake.org/fdsnws/dataselect/1/query,AM.R87FD.event.20260426T125919
AM.R87FD.event.20260426T151611,AM,R87FD,00,EH?,2026-04-26T15:16:11.258000Z,2026-04-26T15:16:46.258000Z,external_real_event,,,10.0,100.0,preprocessing_v1_0_6,AM.R87FD.event.20260426T151611,RASPISHAKE,https://data.raspberryshake.org/fdsnws/dataselect/1/query,AM.R87FD.event.20260426T151611
AM.R87FD.event.20260531T005602,AM,R87FD,00,EH?,2026-05-31T00:56:02.368000Z,2026-05-31T00:56:37.368000Z,external_real_event,,,10.0,100.0,preprocessing_v1_0_6,AM.R87FD.event.20260531T005602,RASPISHAKE,https://data.raspberryshake.org/fdsnws/dataselect/1/query,AM.R87FD.event.20260531T005602
AM.R8A9B.event.20260514T155037,AM,R8A9B,00,EH?,2026-05-14T15:50:37.879000Z,2026-05-14T15:51:12.879000Z,external_real_event,,,10.0,100.0,preprocessing_v1_0_6,AM.R8A9B.event.20260514T155037,RASPISHAKE,https://data.raspberryshake.org/fdsnws/dataselect/1/query,AM.R8A9B.event.20260514T155037
AM.R8A9B.event.20260519T020605,AM,R8A9B,00,EH?,2026-05-19T02:06:05.289000Z,2026-05-19T02:06:40.289000Z,external_real_event,,,10.0,100.0,preprocessing_v1_0_6,AM.R8A9B.event.20260519T020605,RASPISHAKE,https://data.raspberryshake.org/fdsnws/dataselect/1/query,AM.R8A9B.event.20260519T020605
AM.R8A9B.event.20260520T130642,AM,R8A9B,00,EH?,2026-05-20T13:06:42.189000Z,2026-05-20T13:07:17.189000Z,external_real_event,,,10.0,100.0,preprocessing_v1_0_6,AM.R8A9B.event.20260520T130642,RASPISHAKE,https://data.raspberryshake.org/fdsnws/dataselect/1/query,AM.R8A9B.event.20260520T130642
AM.R8A9B.event.20260520T140354,AM,R8A9B,00,EH?,2026-05-20T14:03:54.019000Z,2026-05-20T14:04:29.019000Z,external_real_event,,,10.0,100.0,preprocessing_v1_0_6,AM.R8A9B.event.20260520T140354,RASPISHAKE,https://data.raspberryshake.org/fdsnws/dataselect/1/query,AM.R8A9B.event.20260520T140354
AM.R8A9B.event.20260525T175536,AM,R8A9B,00,EH?,2026-05-25T17:55:36.199000Z,2026-05-25T17:56:11.199000Z,external_real_event,,,10.0,100.0,preprocessing_v1_0_6,AM.R8A9B.event.20260525T175536,RASPISHAKE,https://data.raspberryshake.org/fdsnws/dataselect/1/query,AM.R8A9B.event.20260525T175536
AM.R8A9B.event.20260526T134439,AM,R8A9B,00,EH?,2026-05-26T13:44:39.939000Z,2026-05-26T13:45:14.939000Z,external_real_event,,,10.0,100.0,preprocessing_v1_0_6,AM.R8A9B.event.20260526T134439,RASPISHAKE,https://data.raspberryshake.org/fdsnws/dataselect/1/query,AM.R8A9B.event.20260526T134439
AM.R8A9B.event.20260526T154802,AM,R8A9B,00,EH?,2026-05-26T15:48:02.859000Z,2026-05-26T15:48:37.859000Z,external_real_event,,,10.0,100.0,preprocessing_v1_0_6,AM.R8A9B.event.20260526T154802,RASPISHAKE,https://data.raspberryshake.org/fdsnws/dataselect/1/query,AM.R8A9B.event.20260526T154802
AM.R8A9B.event.20260529T135851,AM,R8A9B,00,EH?,2026-05-29T13:58:51.429000Z,2026-05-29T13:59:26.429000Z,external_real_event,,,10.0,100.0,preprocessing_v1_0_6,AM.R8A9B.event.20260529T135851,RASPISHAKE,https://data.raspberryshake.org/fdsnws/dataselect/1/query,AM.R8A9B.event.20260529T135851
AM.R8D8E.event.20251216T034428,AM,R8D8E,00,EH?,2025-12-16T03:44:28.717000Z,2025-12-16T03:45:03.717000Z,external_real_event,,,10.0,100.0,preprocessing_v1_0_6,AM.R8D8E.event.20251216T034428,RASPISHAKE,https://data.raspberryshake.org/fdsnws/dataselect/1/query,AM.R8D8E.event.20251216T034428
AM.R8D8E.event.20260415T070506,AM,R8D8E,00,EH?,2026-04-15T07:05:06.513000Z,2026-04-15T07:05:41.513000Z,external_real_event,,,10.0,100.0,preprocessing_v1_0_6,AM.R8D8E.event.20260415T070506,RASPISHAKE,https://data.raspberryshake.org/fdsnws/dataselect/1/query,AM.R8D8E.event.20260415T070506
AM.R8D8E.event.20260511T045913,AM,R8D8E,00,EH?,2026-05-11T04:59:13.173000Z,2026-05-11T04:59:48.173000Z,external_real_event,,,10.0,100.0,preprocessing_v1_0_6,AM.R8D8E.event.20260511T045913,RASPISHAKE,https://data.raspberryshake.org/fdsnws/dataselect/1/query,AM.R8D8E.event.20260511T045913
AM.R8D8E.event.20260520T230940,AM,R8D8E,00,EH?,2026-05-20T23:09:40.503000Z,2026-05-20T23:10:15.503000Z,external_real_event,,,10.0,100.0,preprocessing_v1_0_6,AM.R8D8E.event.20260520T230940,RASPISHAKE,https://data.raspberryshake.org/fdsnws/dataselect/1/query,AM.R8D8E.event.20260520T230940
AM.R8D8E.event.20260525T215903,AM,R8D8E,00,EH?,2026-05-25T21:59:03.831000Z,2026-05-25T21:59:38.831000Z,external_real_event,,,10.0,100.0,preprocessing_v1_0_6,AM.R8D8E.event.20260525T215903,RASPISHAKE,https://data.raspberryshake.org/fdsnws/dataselect/1/query,AM.R8D8E.event.20260525T215903
AM.R8D8E.event.20260529T212340,AM,R8D8E,00,EH?,2026-05-29T21:23:40.531000Z,2026-05-29T21:24:15.531000Z,external_real_event,,,10.0,100.0,preprocessing_v1_0_6,AM.R8D8E.event.20260529T212340,RASPISHAKE,https://data.raspberryshake.org/fdsnws/dataselect/1/query,AM.R8D8E.event.20260529T212340
AM.R8D8E.event.20260530T213312,AM,R8D8E,00,EH?,2026-05-30T21:33:12.711000Z,2026-05-30T21:33:47.711000Z,external_real_event,,,10.0,100.0,preprocessing_v1_0_6,AM.R8D8E.event.20260530T213312,RASPISHAKE,https://data.raspberryshake.org/fdsnws/dataselect/1/query,AM.R8D8E.event.20260530T213312
AM.R8D8E.event.20260531T214211,AM,R8D8E,00,EH?,2026-05-31T21:42:11.041000Z,2026-05-31T21:42:46.041000Z,external_real_event,,,10.0,100.0,preprocessing_v1_0_6,AM.R8D8E.event.20260531T214211,RASPISHAKE,https://data.raspberryshake.org/fdsnws/dataselect/1/query,AM.R8D8E.event.20260531T214211
AM.R92E0.event.20251020T170656,AM,R92E0,00,EH?,2025-10-20T17:06:56.257000Z,2025-10-20T17:07:31.257000Z,external_real_event,,,10.0,100.0,preprocessing_v1_0_6,AM.R92E0.event.20251020T170656,RASPISHAKE,https://data.raspberryshake.org/fdsnws/dataselect/1/query,AM.R92E0.event.20251020T170656
AM.R92E0.event.20251114T001801,AM,R92E0,00,EH?,2025-11-14T00:18:01.597000Z,2025-11-14T00:18:36.597000Z,external_real_event,,,10.0,100.0,preprocessing_v1_0_6,AM.R92E0.event.20251114T001801,RASPISHAKE,https://data.raspberryshake.org/fdsnws/dataselect/1/query,AM.R92E0.event.20251114T001801
AM.R92E0.event.20260416T194641,AM,R92E0,00,EH?,2026-04-16T19:46:41.071000Z,2026-04-16T19:47:16.071000Z,external_real_event,,,10.0,100.0,preprocessing_v1_0_6,AM.R92E0.event.20260416T194641,RASPISHAKE,https://data.raspberryshake.org/fdsnws/dataselect/1/query,AM.R92E0.event.20260416T194641
AM.R92E0.event.20260426T043244,AM,R92E0,00,EH?,2026-04-26T04:32:44.181000Z,2026-04-26T04:33:19.181000Z,external_real_event,,,10.0,100.0,preprocessing_v1_0_6,AM.R92E0.event.20260426T043244,RASPISHAKE,https://data.raspberryshake.org/fdsnws/dataselect/1/query,AM.R92E0.event.20260426T043244
AM.R92E0.event.20260509T045335,AM,R92E0,00,EH?,2026-05-09T04:53:35.321000Z,2026-05-09T04:54:10.321000Z,external_real_event,,,10.0,100.0,preprocessing_v1_0_6,AM.R92E0.event.20260509T045335,RASPISHAKE,https://data.raspberryshake.org/fdsnws/dataselect/1/query,AM.R92E0.event.20260509T045335
AM.R92E0.event.20260515T113354,AM,R92E0,00,EH?,2026-05-15T11:33:54.161000Z,2026-05-15T11:34:29.161000Z,external_real_event,,,10.0,100.0,preprocessing_v1_0_6,AM.R92E0.event.20260515T113354,RASPISHAKE,https://data.raspberryshake.org/fdsnws/dataselect/1/query,AM.R92E0.event.20260515T113354
AM.R92E0.event.20260516T145948,AM,R92E0,00,EH?,2026-05-16T14:59:48.471000Z,2026-05-16T15:00:23.471000Z,external_real_event,,,10.0,100.0,preprocessing_v1_0_6,AM.R92E0.event.20260516T145948,RASPISHAKE,https://data.raspberryshake.org/fdsnws/dataselect/1/query,AM.R92E0.event.20260516T145948
AM.R92E0.event.20260520T141619,AM,R92E0,00,EH?,2026-05-20T14:16:19.931000Z,2026-05-20T14:16:54.931000Z,external_real_event,,,10.0,100.0,preprocessing_v1_0_6,AM.R92E0.event.20260520T141619,RASPISHAKE,https://data.raspberryshake.org/fdsnws/dataselect/1/query,AM.R92E0.event.20260520T141619
AM.R976A.event.20251124T163141,AM,R976A,00,EH?,2025-11-24T16:31:41.647000Z,2025-11-24T16:32:16.647000Z,external_real_event,,,10.0,100.0,preprocessing_v1_0_6,AM.R976A.event.20251124T163141,RASPISHAKE,https://data.raspberryshake.org/fdsnws/dataselect/1/query,AM.R976A.event.20251124T163141
AM.R976A.event.20260208T120157,AM,R976A,00,EH?,2026-02-08T12:01:57.122000Z,2026-02-08T12:02:32.122000Z,external_real_event,,,10.0,100.0,preprocessing_v1_0_6,AM.R976A.event.20260208T120157,RASPISHAKE,https://data.raspberryshake.org/fdsnws/dataselect/1/query,AM.R976A.event.20260208T120157
AM.R976A.event.20260317T043013,AM,R976A,00,EH?,2026-03-17T04:30:13.154000Z,2026-03-17T04:30:48.154000Z,external_real_event,,,10.0,100.0,preprocessing_v1_0_6,AM.R976A.event.20260317T043013,RASPISHAKE,https://data.raspberryshake.org/fdsnws/dataselect/1/query,AM.R976A.event.20260317T043013
AM.R976A.event.20260330T022422,AM,R976A,00,EH?,2026-03-30T02:24:22.560000Z,2026-03-30T02:24:57.560000Z,external_real_event,,,10.0,100.0,preprocessing_v1_0_6,AM.R976A.event.20260330T022422,RASPISHAKE,https://data.raspberryshake.org/fdsnws/dataselect/1/query,AM.R976A.event.20260330T022422
AM.R976A.event.20260404T060056,AM,R976A,00,EH?,2026-04-04T06:00:56.940000Z,2026-04-04T06:01:31.940000Z,external_real_event,,,10.0,100.0,preprocessing_v1_0_6,AM.R976A.event.20260404T060056,RASPISHAKE,https://data.raspberryshake.org/fdsnws/dataselect/1/query,AM.R976A.event.20260404T060056
AM.R976A.event.20260506T134830,AM,R976A,00,EH?,2026-05-06T13:48:30.450000Z,2026-05-06T13:49:05.450000Z,external_real_event,,,10.0,100.0,preprocessing_v1_0_6,AM.R976A.event.20260506T134830,RASPISHAKE,https://data.raspberryshake.org/fdsnws/dataselect/1/query,AM.R976A.event.20260506T134830
AM.R976A.event.20260513T082209,AM,R976A,00,EH?,2026-05-13T08:22:09.090000Z,2026-05-13T08:22:44.090000Z,external_real_event,,,10.0,100.0,preprocessing_v1_0_6,AM.R976A.event.20260513T082209,RASPISHAKE,https://data.raspberryshake.org/fdsnws/dataselect/1/query,AM.R976A.event.20260513T082209
AM.R976A.event.20260531T181153,AM,R976A,00,EH?,2026-05-31T18:11:53.480000Z,2026-05-31T18:12:28.480000Z,external_real_event,,,10.0,100.0,preprocessing_v1_0_6,AM.R976A.event.20260531T181153,RASPISHAKE,https://data.raspberryshake.org/fdsnws/dataselect/1/query,AM.R976A.event.20260531T181153
AM.R985F.event.20260216T200419,AM,R985F,00,EH?,2026-02-16T20:04:19.116000Z,2026-02-16T20:04:54.116000Z,external_real_event,,,10.0,100.0,preprocessing_v1_0_6,AM.R985F.event.20260216T200419,RASPISHAKE,https://data.raspberryshake.org/fdsnws/dataselect/1/query,AM.R985F.event.20260216T200419
AM.R985F.event.20260217T223612,AM,R985F,00,EH?,2026-02-17T22:36:12.666000Z,2026-02-17T22:36:47.666000Z,external_real_event,,,10.0,100.0,preprocessing_v1_0_6,AM.R985F.event.20260217T223612,RASPISHAKE,https://data.raspberryshake.org/fdsnws/dataselect/1/query,AM.R985F.event.20260217T223612
AM.R985F.event.20260225T201623,AM,R985F,00,EH?,2026-02-25T20:16:23.416000Z,2026-02-25T20:16:58.416000Z,external_real_event,,,10.0,100.0,preprocessing_v1_0_6,AM.R985F.event.20260225T201623,RASPISHAKE,https://data.raspberryshake.org/fdsnws/dataselect/1/query,AM.R985F.event.20260225T201623
AM.R985F.event.20260301T190037,AM,R985F,00,EH?,2026-03-01T19:00:37.516000Z,2026-03-01T19:01:12.516000Z,external_real_event,,,10.0,100.0,preprocessing_v1_0_6,AM.R985F.event.20260301T190037,RASPISHAKE,https://data.raspberryshake.org/fdsnws/dataselect/1/query,AM.R985F.event.20260301T190037
AM.R985F.event.20260311T201711,AM,R985F,00,EH?,2026-03-11T20:17:11.696000Z,2026-03-11T20:17:46.696000Z,external_real_event,,,10.0,100.0,preprocessing_v1_0_6,AM.R985F.event.20260311T201711,RASPISHAKE,https://data.raspberryshake.org/fdsnws/dataselect/1/query,AM.R985F.event.20260311T201711
AM.R985F.event.20260325T201417,AM,R985F,00,EH?,2026-03-25T20:14:17.676000Z,2026-03-25T20:14:52.676000Z,external_real_event,,,10.0,100.0,preprocessing_v1_0_6,AM.R985F.event.20260325T201417,RASPISHAKE,https://data.raspberryshake.org/fdsnws/dataselect/1/query,AM.R985F.event.20260325T201417
AM.R985F.event.20260412T150241,AM,R985F,00,EH?,2026-04-12T15:02:41.446000Z,2026-04-12T15:03:16.446000Z,external_real_event,,,10.0,100.0,preprocessing_v1_0_6,AM.R985F.event.20260412T150241,RASPISHAKE,https://data.raspberryshake.org/fdsnws/dataselect/1/query,AM.R985F.event.20260412T150241
AM.R985F.event.20260507T174558,AM,R985F,00,EH?,2026-05-07T17:45:58.506000Z,2026-05-07T17:46:33.506000Z,external_real_event,,,10.0,100.0,preprocessing_v1_0_6,AM.R985F.event.20260507T174558,RASPISHAKE,https://data.raspberryshake.org/fdsnws/dataselect/1/query,AM.R985F.event.20260507T174558
AM.R9F13.event.20251025T012054,AM,R9F13,00,EH?,2025-10-25T01:20:54.636000Z,2025-10-25T01:21:29.636000Z,external_real_event,,,10.0,100.0,preprocessing_v1_0_6,AM.R9F13.event.20251025T012054,RASPISHAKE,https://data.raspberryshake.org/fdsnws/dataselect/1/query,AM.R9F13.event.20251025T012054
AM.R9F13.event.20251208T053145,AM,R9F13,00,EH?,2025-12-08T05:31:45.576000Z,2025-12-08T05:32:20.576000Z,external_real_event,,,10.0,100.0,preprocessing_v1_0_6,AM.R9F13.event.20251208T053145,RASPISHAKE,https://data.raspberryshake.org/fdsnws/dataselect/1/query,AM.R9F13.event.20251208T053145
AM.R9F13.event.20260113T083008,AM,R9F13,00,EH?,2026-01-13T08:30:08.826000Z,2026-01-13T08:30:43.826000Z,external_real_event,,,10.0,100.0,preprocessing_v1_0_6,AM.R9F13.event.20260113T083008,RASPISHAKE,https://data.raspberryshake.org/fdsnws/dataselect/1/query,AM.R9F13.event.20260113T083008
AM.R9F13.event.20260121T091716,AM,R9F13,00,EH?,2026-01-21T09:17:16.506000Z,2026-01-21T09:17:51.506000Z,external_real_event,,,10.0,100.0,preprocessing_v1_0_6,AM.R9F13.event.20260121T091716,RASPISHAKE,https://data.raspberryshake.org/fdsnws/dataselect/1/query,AM.R9F13.event.20260121T091716
AM.R9F13.event.20260221T124506,AM,R9F13,00,EH?,2026-02-21T12:45:06.926000Z,2026-02-21T12:45:41.926000Z,external_real_event,,,10.0,100.0,preprocessing_v1_0_6,AM.R9F13.event.20260221T124506,RASPISHAKE,https://data.raspberryshake.org/fdsnws/dataselect/1/query,AM.R9F13.event.20260221T124506
AM.R9F13.event.20260304T002515,AM,R9F13,00,EH?,2026-03-04T00:25:15.076000Z,2026-03-04T00:25:50.076000Z,external_real_event,,,10.0,100.0,preprocessing_v1_0_6,AM.R9F13.event.20260304T002515,RASPISHAKE,https://data.raspberryshake.org/fdsnws/dataselect/1/query,AM.R9F13.event.20260304T002515
AM.R9F13.event.20260426T022606,AM,R9F13,00,EH?,2026-04-26T02:26:06.936000Z,2026-04-26T02:26:41.936000Z,external_real_event,,,10.0,100.0,preprocessing_v1_0_6,AM.R9F13.event.20260426T022606,RASPISHAKE,https://data.raspberryshake.org/fdsnws/dataselect/1/query,AM.R9F13.event.20260426T022606
AM.R9F13.event.20260505T003718,AM,R9F13,00,EH?,2026-05-05T00:37:18.736000Z,2026-05-05T00:37:53.736000Z,external_real_event,,,10.0,100.0,preprocessing_v1_0_6,AM.R9F13.event.20260505T003718,RASPISHAKE,https://data.raspberryshake.org/fdsnws/dataselect/1/query,AM.R9F13.event.20260505T003718
AM.RA825.event.20260420T224413,AM,RA825,00,EH?,2026-04-20T22:44:13.429000Z,2026-04-20T22:44:48.429000Z,external_real_event,,,10.0,100.0,preprocessing_v1_0_6,AM.RA825.event.20260420T224413,RASPISHAKE,https://data.raspberryshake.org/fdsnws/dataselect/1/query,AM.RA825.event.20260420T224413
AM.RA825.event.20260422T172416,AM,RA825,00,EH?,2026-04-22T17:24:16.329000Z,2026-04-22T17:24:51.329000Z,external_real_event,,,10.0,100.0,preprocessing_v1_0_6,AM.RA825.event.20260422T172416,RASPISHAKE,https://data.raspberryshake.org/fdsnws/dataselect/1/query,AM.RA825.event.20260422T172416
AM.RA825.event.20260422T172539,AM,RA825,00,EH?,2026-04-22T17:25:39.219000Z,2026-04-22T17:26:14.219000Z,external_real_event,,,10.0,100.0,preprocessing_v1_0_6,AM.RA825.event.20260422T172539,RASPISHAKE,https://data.raspberryshake.org/fdsnws/dataselect/1/query,AM.RA825.event.20260422T172539
AM.RA825.event.20260424T193141,AM,RA825,00,EH?,2026-04-24T19:31:41.309000Z,2026-04-24T19:32:16.309000Z,external_real_event,,,10.0,100.0,preprocessing_v1_0_6,AM.RA825.event.20260424T193141,RASPISHAKE,https://data.raspberryshake.org/fdsnws/dataselect/1/query,AM.RA825.event.20260424T193141
AM.RA825.event.20260425T192159,AM,RA825,00,EH?,2026-04-25T19:21:59.439000Z,2026-04-25T19:22:34.439000Z,external_real_event,,,10.0,100.0,preprocessing_v1_0_6,AM.RA825.event.20260425T192159,RASPISHAKE,https://data.raspberryshake.org/fdsnws/dataselect/1/query,AM.RA825.event.20260425T192159
AM.RA825.event.20260509T045930,AM,RA825,00,EH?,2026-05-09T04:59:30.099000Z,2026-05-09T05:00:05.099000Z,external_real_event,,,10.0,100.0,preprocessing_v1_0_6,AM.RA825.event.20260509T045930,RASPISHAKE,https://data.raspberryshake.org/fdsnws/dataselect/1/query,AM.RA825.event.20260509T045930
AM.RA825.event.20260509T150700,AM,RA825,00,EH?,2026-05-09T15:07:00.849000Z,2026-05-09T15:07:35.849000Z,external_real_event,,,10.0,100.0,preprocessing_v1_0_6,AM.RA825.event.20260509T150700,RASPISHAKE,https://data.raspberryshake.org/fdsnws/dataselect/1/query,AM.RA825.event.20260509T150700
AM.RA825.event.20260521T190154,AM,RA825,00,EH?,2026-05-21T19:01:54.429000Z,2026-05-21T19:02:29.429000Z,external_real_event,,,10.0,100.0,preprocessing_v1_0_6,AM.RA825.event.20260521T190154,RASPISHAKE,https://data.raspberryshake.org/fdsnws/dataselect/1/query,AM.RA825.event.20260521T190154
AM.RAB7F.event.20250602T231852,AM,RAB7F,00,EH?,2025-06-02T23:18:52.364000Z,2025-06-02T23:19:27.364000Z,external_real_event,,,10.0,100.0,preprocessing_v1_0_6,AM.RAB7F.event.20250602T231852,RASPISHAKE,https://data.raspberryshake.org/fdsnws/dataselect/1/query,AM.RAB7F.event.20250602T231852
AM.RAB7F.event.20250907T093655,AM,RAB7F,00,EH?,2025-09-07T09:36:55.115000Z,2025-09-07T09:37:30.115000Z,external_real_event,,,10.0,100.0,preprocessing_v1_0_6,AM.RAB7F.event.20250907T093655,RASPISHAKE,https://data.raspberryshake.org/fdsnws/dataselect/1/query,AM.RAB7F.event.20250907T093655
AM.RAB7F.event.20260220T031127,AM,RAB7F,00,EH?,2026-02-20T03:11:27.588000Z,2026-02-20T03:12:02.588000Z,external_real_event,,,10.0,100.0,preprocessing_v1_0_6,AM.RAB7F.event.20260220T031127,RASPISHAKE,https://data.raspberryshake.org/fdsnws/dataselect/1/query,AM.RAB7F.event.20260220T031127
AM.RAB7F.event.20260406T075218,AM,RAB7F,00,EH?,2026-04-06T07:52:18.144000Z,2026-04-06T07:52:53.144000Z,external_real_event,,,10.0,100.0,preprocessing_v1_0_6,AM.RAB7F.event.20260406T075218,RASPISHAKE,https://data.raspberryshake.org/fdsnws/dataselect/1/query,AM.RAB7F.event.20260406T075218
AM.RAB7F.event.20260424T121138,AM,RAB7F,00,EH?,2026-04-24T12:11:38.744000Z,2026-04-24T12:12:13.744000Z,external_real_event,,,10.0,100.0,preprocessing_v1_0_6,AM.RAB7F.event.20260424T121138,RASPISHAKE,https://data.raspberryshake.org/fdsnws/dataselect/1/query,AM.RAB7F.event.20260424T121138
AM.RAB7F.event.20260516T150229,AM,RAB7F,00,EH?,2026-05-16T15:02:29.658000Z,2026-05-16T15:03:04.658000Z,external_real_event,,,10.0,100.0,preprocessing_v1_0_6,AM.RAB7F.event.20260516T150229,RASPISHAKE,https://data.raspberryshake.org/fdsnws/dataselect/1/query,AM.RAB7F.event.20260516T150229
AM.RAB7F.event.20260520T060120,AM,RAB7F,00,EH?,2026-05-20T06:01:20.948000Z,2026-05-20T06:01:55.948000Z,external_real_event,,,10.0,100.0,preprocessing_v1_0_6,AM.RAB7F.event.20260520T060120,RASPISHAKE,https://data.raspberryshake.org/fdsnws/dataselect/1/query,AM.RAB7F.event.20260520T060120
AM.RAB7F.event.20260529T143845,AM,RAB7F,00,EH?,2026-05-29T14:38:45.778000Z,2026-05-29T14:39:20.778000Z,external_real_event,,,10.0,100.0,preprocessing_v1_0_6,AM.RAB7F.event.20260529T143845,RASPISHAKE,https://data.raspberryshake.org/fdsnws/dataselect/1/query,AM.RAB7F.event.20260529T143845
AM.RAC20.event.20260425T073930,AM,RAC20,00,EH?,2026-04-25T07:39:30.091000Z,2026-04-25T07:40:05.091000Z,external_real_event,,,10.0,100.0,preprocessing_v1_0_6,AM.RAC20.event.20260425T073930,RASPISHAKE,https://data.raspberryshake.org/fdsnws/dataselect/1/query,AM.RAC20.event.20260425T073930
AM.RAC20.event.20260425T121222,AM,RAC20,00,EH?,2026-04-25T12:12:22.591000Z,2026-04-25T12:12:57.591000Z,external_real_event,,,10.0,100.0,preprocessing_v1_0_6,AM.RAC20.event.20260425T121222,RASPISHAKE,https://data.raspberryshake.org/fdsnws/dataselect/1/query,AM.RAC20.event.20260425T121222
AM.RAC20.event.20260501T081841,AM,RAC20,00,EH?,2026-05-01T08:18:41.041000Z,2026-05-01T08:19:16.041000Z,external_real_event,,,10.0,100.0,preprocessing_v1_0_6,AM.RAC20.event.20260501T081841,RASPISHAKE,https://data.raspberryshake.org/fdsnws/dataselect/1/query,AM.RAC20.event.20260501T081841
AM.RAC20.event.20260504T031325,AM,RAC20,00,EH?,2026-05-04T03:13:25.541000Z,2026-05-04T03:14:00.541000Z,external_real_event,,,10.0,100.0,preprocessing_v1_0_6,AM.RAC20.event.20260504T031325,RASPISHAKE,https://data.raspberryshake.org/fdsnws/dataselect/1/query,AM.RAC20.event.20260504T031325
AM.RAC20.event.20260509T045848,AM,RAC20,00,EH?,2026-05-09T04:58:48.581000Z,2026-05-09T04:59:23.581000Z,external_real_event,,,10.0,100.0,preprocessing_v1_0_6,AM.RAC20.event.20260509T045848,RASPISHAKE,https://data.raspberryshake.org/fdsnws/dataselect/1/query,AM.RAC20.event.20260509T045848
AM.RAC20.event.20260515T110739,AM,RAC20,00,EH?,2026-05-15T11:07:39.571000Z,2026-05-15T11:08:14.571000Z,external_real_event,,,10.0,100.0,preprocessing_v1_0_6,AM.RAC20.event.20260515T110739,RASPISHAKE,https://data.raspberryshake.org/fdsnws/dataselect/1/query,AM.RAC20.event.20260515T110739
AM.RAC20.event.20260525T085423,AM,RAC20,00,EH?,2026-05-25T08:54:23.591000Z,2026-05-25T08:54:58.591000Z,external_real_event,,,10.0,100.0,preprocessing_v1_0_6,AM.RAC20.event.20260525T085423,RASPISHAKE,https://data.raspberryshake.org/fdsnws/dataselect/1/query,AM.RAC20.event.20260525T085423
AM.RAC20.event.20260528T114956,AM,RAC20,00,EH?,2026-05-28T11:49:56.261000Z,2026-05-28T11:50:31.261000Z,external_real_event,,,10.0,100.0,preprocessing_v1_0_6,AM.RAC20.event.20260528T114956,RASPISHAKE,https://data.raspberryshake.org/fdsnws/dataselect/1/query,AM.RAC20.event.20260528T114956
AM.RB0FB.event.20260420T080958,AM,RB0FB,00,EH?,2026-04-20T08:09:58.049000Z,2026-04-20T08:10:33.049000Z,external_real_event,,,10.0,100.0,preprocessing_v1_0_6,AM.RB0FB.event.20260420T080958,RASPISHAKE,https://data.raspberryshake.org/fdsnws/dataselect/1/query,AM.RB0FB.event.20260420T080958
AM.RB0FB.event.20260425T081543,AM,RB0FB,00,EH?,2026-04-25T08:15:43.309000Z,2026-04-25T08:16:18.309000Z,external_real_event,,,10.0,100.0,preprocessing_v1_0_6,AM.RB0FB.event.20260425T081543,RASPISHAKE,https://data.raspberryshake.org/fdsnws/dataselect/1/query,AM.RB0FB.event.20260425T081543
AM.RB0FB.event.20260504T152430,AM,RB0FB,00,EH?,2026-05-04T15:24:30.869000Z,2026-05-04T15:25:05.869000Z,external_real_event,,,10.0,100.0,preprocessing_v1_0_6,AM.RB0FB.event.20260504T152430,RASPISHAKE,https://data.raspberryshake.org/fdsnws/dataselect/1/query,AM.RB0FB.event.20260504T152430
AM.RB0FB.event.20260509T045317,AM,RB0FB,00,EH?,2026-05-09T04:53:17.109000Z,2026-05-09T04:53:52.109000Z,external_real_event,,,10.0,100.0,preprocessing_v1_0_6,AM.RB0FB.event.20260509T045317,RASPISHAKE,https://data.raspberryshake.org/fdsnws/dataselect/1/query,AM.RB0FB.event.20260509T045317
AM.RB0FB.event.20260516T145512,AM,RB0FB,00,EH?,2026-05-16T14:55:12.289000Z,2026-05-16T14:55:47.289000Z,external_real_event,,,10.0,100.0,preprocessing_v1_0_6,AM.RB0FB.event.20260516T145512,RASPISHAKE,https://data.raspberryshake.org/fdsnws/dataselect/1/query,AM.RB0FB.event.20260516T145512
AM.RB0FB.event.20260519T180629,AM,RB0FB,00,EH?,2026-05-19T18:06:29.459000Z,2026-05-19T18:07:04.459000Z,external_real_event,,,10.0,100.0,preprocessing_v1_0_6,AM.RB0FB.event.20260519T180629,RASPISHAKE,https://data.raspberryshake.org/fdsnws/dataselect/1/query,AM.RB0FB.event.20260519T180629
AM.RB0FB.event.20260525T220155,AM,RB0FB,00,EH?,2026-05-25T22:01:55.919000Z,2026-05-25T22:02:30.919000Z,external_real_event,,,10.0,100.0,preprocessing_v1_0_6,AM.RB0FB.event.20260525T220155,RASPISHAKE,https://data.raspberryshake.org/fdsnws/dataselect/1/query,AM.RB0FB.event.20260525T220155
AM.RB0FB.event.20260531T214508,AM,RB0FB,00,EH?,2026-05-31T21:45:08.029000Z,2026-05-31T21:45:43.029000Z,external_real_event,,,10.0,100.0,preprocessing_v1_0_6,AM.RB0FB.event.20260531T214508,RASPISHAKE,https://data.raspberryshake.org/fdsnws/dataselect/1/query,AM.RB0FB.event.20260531T214508
AM.RB53D.event.20260414T163731,AM,RB53D,00,EH?,2026-04-14T16:37:31.611000Z,2026-04-14T16:38:06.611000Z,external_real_event,,,10.0,100.0,preprocessing_v1_0_6,AM.RB53D.event.20260414T163731,RASPISHAKE,https://data.raspberryshake.org/fdsnws/dataselect/1/query,AM.RB53D.event.20260414T163731
AM.RB53D.event.20260420T080941,AM,RB53D,00,EH?,2026-04-20T08:09:41.131000Z,2026-04-20T08:10:16.131000Z,external_real_event,,,10.0,100.0,preprocessing_v1_0_6,AM.RB53D.event.20260420T080941,RASPISHAKE,https://data.raspberryshake.org/fdsnws/dataselect/1/query,AM.RB53D.event.20260420T080941
AM.RB53D.event.20260504T152554,AM,RB53D,00,EH?,2026-05-04T15:25:54.641000Z,2026-05-04T15:26:29.641000Z,external_real_event,,,10.0,100.0,preprocessing_v1_0_6,AM.RB53D.event.20260504T152554,RASPISHAKE,https://data.raspberryshake.org/fdsnws/dataselect/1/query,AM.RB53D.event.20260504T152554
AM.RB53D.event.20260515T113457,AM,RB53D,00,EH?,2026-05-15T11:34:57.161000Z,2026-05-15T11:35:32.161000Z,external_real_event,,,10.0,100.0,preprocessing_v1_0_6,AM.RB53D.event.20260515T113457,RASPISHAKE,https://data.raspberryshake.org/fdsnws/dataselect/1/query,AM.RB53D.event.20260515T113457
AM.RB53D.event.20260516T145535,AM,RB53D,00,EH?,2026-05-16T14:55:35.051000Z,2026-05-16T14:56:10.051000Z,external_real_event,,,10.0,100.0,preprocessing_v1_0_6,AM.RB53D.event.20260516T145535,RASPISHAKE,https://data.raspberryshake.org/fdsnws/dataselect/1/query,AM.RB53D.event.20260516T145535
AM.RB53D.event.20260525T220239,AM,RB53D,00,EH?,2026-05-25T22:02:39.901000Z,2026-05-25T22:03:14.901000Z,external_real_event,,,10.0,100.0,preprocessing_v1_0_6,AM.RB53D.event.20260525T220239,RASPISHAKE,https://data.raspberryshake.org/fdsnws/dataselect/1/query,AM.RB53D.event.20260525T220239
AM.RB53D.event.20260530T213348,AM,RB53D,00,EH?,2026-05-30T21:33:48.541000Z,2026-05-30T21:34:23.541000Z,external_real_event,,,10.0,100.0,preprocessing_v1_0_6,AM.RB53D.event.20260530T213348,RASPISHAKE,https://data.raspberryshake.org/fdsnws/dataselect/1/query,AM.RB53D.event.20260530T213348
AM.RB53D.event.20260531T214550,AM,RB53D,00,EH?,2026-05-31T21:45:50.331000Z,2026-05-31T21:46:25.331000Z,external_real_event,,,10.0,100.0,preprocessing_v1_0_6,AM.RB53D.event.20260531T214550,RASPISHAKE,https://data.raspberryshake.org/fdsnws/dataselect/1/query,AM.RB53D.event.20260531T214550
AM.RC131.event.20251020T170827,AM,RC131,00,EH?,2025-10-20T17:08:27.601000Z,2025-10-20T17:09:02.601000Z,external_real_event,,,10.0,100.0,preprocessing_v1_0_6,AM.RC131.event.20251020T170827,RASPISHAKE,https://data.raspberryshake.org/fdsnws/dataselect/1/query,AM.RC131.event.20251020T170827
AM.RC131.event.20251114T001758,AM,RC131,00,EH?,2025-11-14T00:17:58.981000Z,2025-11-14T00:18:33.981000Z,external_real_event,,,10.0,100.0,preprocessing_v1_0_6,AM.RC131.event.20251114T001758,RASPISHAKE,https://data.raspberryshake.org/fdsnws/dataselect/1/query,AM.RC131.event.20251114T001758
AM.RC131.event.20260121T091830,AM,RC131,00,EH?,2026-01-21T09:18:30.485000Z,2026-01-21T09:19:05.485000Z,external_real_event,,,10.0,100.0,preprocessing_v1_0_6,AM.RC131.event.20260121T091830,RASPISHAKE,https://data.raspberryshake.org/fdsnws/dataselect/1/query,AM.RC131.event.20260121T091830
AM.RC131.event.20260426T072506,AM,RC131,00,EH?,2026-04-26T07:25:06.340000Z,2026-04-26T07:25:41.340000Z,external_real_event,,,10.0,100.0,preprocessing_v1_0_6,AM.RC131.event.20260426T072506,RASPISHAKE,https://data.raspberryshake.org/fdsnws/dataselect/1/query,AM.RC131.event.20260426T072506
AM.RC131.event.20260504T062243,AM,RC131,00,EH?,2026-05-04T06:22:43.410000Z,2026-05-04T06:23:18.410000Z,external_real_event,,,10.0,100.0,preprocessing_v1_0_6,AM.RC131.event.20260504T062243,RASPISHAKE,https://data.raspberryshake.org/fdsnws/dataselect/1/query,AM.RC131.event.20260504T062243
AM.RC131.event.20260509T045319,AM,RC131,00,EH?,2026-05-09T04:53:19.640000Z,2026-05-09T04:53:54.640000Z,external_real_event,,,10.0,100.0,preprocessing_v1_0_6,AM.RC131.event.20260509T045319,RASPISHAKE,https://data.raspberryshake.org/fdsnws/dataselect/1/query,AM.RC131.event.20260509T045319
AM.RC131.event.20260515T113324,AM,RC131,00,EH?,2026-05-15T11:33:24.770000Z,2026-05-15T11:33:59.770000Z,external_real_event,,,10.0,100.0,preprocessing_v1_0_6,AM.RC131.event.20260515T113324,RASPISHAKE,https://data.raspberryshake.org/fdsnws/dataselect/1/query,AM.RC131.event.20260515T113324
AM.RC131.event.20260516T150032,AM,RC131,00,EH?,2026-05-16T15:00:32.740000Z,2026-05-16T15:01:07.740000Z,external_real_event,,,10.0,100.0,preprocessing_v1_0_6,AM.RC131.event.20260516T150032,RASPISHAKE,https://data.raspberryshake.org/fdsnws/dataselect/1/query,AM.RC131.event.20260516T150032
AM.RC2BF.event.20260414T020642,AM,RC2BF,00,EH?,2026-04-14T02:06:42.820000Z,2026-04-14T02:07:17.820000Z,external_real_event,,,10.0,100.0,preprocessing_v1_0_6,AM.RC2BF.event.20260414T020642,RASPISHAKE,https://data.raspberryshake.org/fdsnws/dataselect/1/query,AM.RC2BF.event.20260414T020642
AM.RC2BF.event.20260419T144453,AM,RC2BF,00,EH?,2026-04-19T14:44:53.460000Z,2026-04-19T14:45:28.460000Z,external_real_event,,,10.0,100.0,preprocessing_v1_0_6,AM.RC2BF.event.20260419T144453,RASPISHAKE,https://data.raspberryshake.org/fdsnws/dataselect/1/query,AM.RC2BF.event.20260419T144453
AM.RC2BF.event.20260501T020030,AM,RC2BF,00,EH?,2026-05-01T02:00:30.800000Z,2026-05-01T02:01:05.800000Z,external_real_event,,,10.0,100.0,preprocessing_v1_0_6,AM.RC2BF.event.20260501T020030,RASPISHAKE,https://data.raspberryshake.org/fdsnws/dataselect/1/query,AM.RC2BF.event.20260501T020030
AM.RC2BF.event.20260501T081805,AM,RC2BF,00,EH?,2026-05-01T08:18:05.610000Z,2026-05-01T08:18:40.610000Z,external_real_event,,,10.0,100.0,preprocessing_v1_0_6,AM.RC2BF.event.20260501T081805,RASPISHAKE,https://data.raspberryshake.org/fdsnws/dataselect/1/query,AM.RC2BF.event.20260501T081805
AM.RC2BF.event.20260510T182423,AM,RC2BF,00,EH?,2026-05-10T18:24:23.850000Z,2026-05-10T18:24:58.850000Z,external_real_event,,,10.0,100.0,preprocessing_v1_0_6,AM.RC2BF.event.20260510T182423,RASPISHAKE,https://data.raspberryshake.org/fdsnws/dataselect/1/query,AM.RC2BF.event.20260510T182423
AM.RC2BF.event.20260512T113748,AM,RC2BF,00,EH?,2026-05-12T11:37:48.360000Z,2026-05-12T11:38:23.360000Z,external_real_event,,,10.0,100.0,preprocessing_v1_0_6,AM.RC2BF.event.20260512T113748,RASPISHAKE,https://data.raspberryshake.org/fdsnws/dataselect/1/query,AM.RC2BF.event.20260512T113748
AM.RC2BF.event.20260513T104510,AM,RC2BF,00,EH?,2026-05-13T10:45:10.860000Z,2026-05-13T10:45:45.860000Z,external_real_event,,,10.0,100.0,preprocessing_v1_0_6,AM.RC2BF.event.20260513T104510,RASPISHAKE,https://data.raspberryshake.org/fdsnws/dataselect/1/query,AM.RC2BF.event.20260513T104510
AM.RC2BF.event.20260521T190158,AM,RC2BF,00,EH?,2026-05-21T19:01:58.980000Z,2026-05-21T19:02:33.980000Z,external_real_event,,,10.0,100.0,preprocessing_v1_0_6,AM.RC2BF.event.20260521T190158,RASPISHAKE,https://data.raspberryshake.org/fdsnws/dataselect/1/query,AM.RC2BF.event.20260521T190158
AM.RCBF0.event.20260304T002452,AM,RCBF0,00,EH?,2026-03-04T00:24:52.290000Z,2026-03-04T00:25:27.290000Z,external_real_event,,,10.0,100.0,preprocessing_v1_0_6,AM.RCBF0.event.20260304T002452,RASPISHAKE,https://data.raspberryshake.org/fdsnws/dataselect/1/query,AM.RCBF0.event.20260304T002452
AM.RCBF0.event.20260309T230546,AM,RCBF0,00,EH?,2026-03-09T23:05:46.250000Z,2026-03-09T23:06:21.250000Z,external_real_event,,,10.0,100.0,preprocessing_v1_0_6,AM.RCBF0.event.20260309T230546,RASPISHAKE,https://data.raspberryshake.org/fdsnws/dataselect/1/query,AM.RCBF0.event.20260309T230546
AM.RCBF0.event.20260325T071436,AM,RCBF0,00,EH?,2026-03-25T07:14:36.127000Z,2026-03-25T07:15:11.127000Z,external_real_event,,,10.0,100.0,preprocessing_v1_0_6,AM.RCBF0.event.20260325T071436,RASPISHAKE,https://data.raspberryshake.org/fdsnws/dataselect/1/query,AM.RCBF0.event.20260325T071436
AM.RCBF0.event.20260326T084126,AM,RCBF0,00,EH?,2026-03-26T08:41:26.867000Z,2026-03-26T08:42:01.867000Z,external_real_event,,,10.0,100.0,preprocessing_v1_0_6,AM.RCBF0.event.20260326T084126,RASPISHAKE,https://data.raspberryshake.org/fdsnws/dataselect/1/query,AM.RCBF0.event.20260326T084126
AM.RCBF0.event.20260426T022420,AM,RCBF0,00,EH?,2026-04-26T02:24:20.467000Z,2026-04-26T02:24:55.467000Z,external_real_event,,,10.0,100.0,preprocessing_v1_0_6,AM.RCBF0.event.20260426T022420,RASPISHAKE,https://data.raspberryshake.org/fdsnws/dataselect/1/query,AM.RCBF0.event.20260426T022420
AM.RCBF0.event.20260520T141621,AM,RCBF0,00,EH?,2026-05-20T14:16:21.367000Z,2026-05-20T14:16:56.367000Z,external_real_event,,,10.0,100.0,preprocessing_v1_0_6,AM.RCBF0.event.20260520T141621,RASPISHAKE,https://data.raspberryshake.org/fdsnws/dataselect/1/query,AM.RCBF0.event.20260520T141621
AM.RCBF0.event.20260523T001457,AM,RCBF0,00,EH?,2026-05-23T00:14:57.127000Z,2026-05-23T00:15:32.127000Z,external_real_event,,,10.0,100.0,preprocessing_v1_0_6,AM.RCBF0.event.20260523T001457,RASPISHAKE,https://data.raspberryshake.org/fdsnws/dataselect/1/query,AM.RCBF0.event.20260523T001457
AM.RCBF0.event.20260525T152710,AM,RCBF0,00,EH?,2026-05-25T15:27:10.747000Z,2026-05-25T15:27:45.747000Z,external_real_event,,,10.0,100.0,preprocessing_v1_0_6,AM.RCBF0.event.20260525T152710,RASPISHAKE,https://data.raspberryshake.org/fdsnws/dataselect/1/query,AM.RCBF0.event.20260525T152710
AM.RCCE6.event.20260527T041736,AM,RCCE6,00,EH?,2026-05-27T04:17:36.819000Z,2026-05-27T04:18:11.819000Z,external_real_event,,,10.0,100.0,preprocessing_v1_0_6,AM.RCCE6.event.20260527T041736,RASPISHAKE,https://data.raspberryshake.org/fdsnws/dataselect/1/query,AM.RCCE6.event.20260527T041736
AM.RCCE6.event.20260531T055104,AM,RCCE6,00,EH?,2026-05-31T05:51:04.899000Z,2026-05-31T05:51:39.899000Z,external_real_event,,,10.0,100.0,preprocessing_v1_0_6,AM.RCCE6.event.20260531T055104,RASPISHAKE,https://data.raspberryshake.org/fdsnws/dataselect/1/query,AM.RCCE6.event.20260531T055104
AM.RCCE6.event.20260531T074114,AM,RCCE6,00,EH?,2026-05-31T07:41:14.589000Z,2026-05-31T07:41:49.589000Z,external_real_event,,,10.0,100.0,preprocessing_v1_0_6,AM.RCCE6.event.20260531T074114,RASPISHAKE,https://data.raspberryshake.org/fdsnws/dataselect/1/query,AM.RCCE6.event.20260531T074114
AM.RCCE6.event.20260531T213430,AM,RCCE6,00,EH?,2026-05-31T21:34:30.389000Z,2026-05-31T21:35:05.389000Z,external_real_event,,,10.0,100.0,preprocessing_v1_0_6,AM.RCCE6.event.20260531T213430,RASPISHAKE,https://data.raspberryshake.org/fdsnws/dataselect/1/query,AM.RCCE6.event.20260531T213430
AM.RCCE6.event.20260531T214707,AM,RCCE6,00,EH?,2026-05-31T21:47:07.539000Z,2026-05-31T21:47:42.539000Z,external_real_event,,,10.0,100.0,preprocessing_v1_0_6,AM.RCCE6.event.20260531T214707,RASPISHAKE,https://data.raspberryshake.org/fdsnws/dataselect/1/query,AM.RCCE6.event.20260531T214707
AM.RCCE6.event.20260531T215223,AM,RCCE6,00,EH?,2026-05-31T21:52:22.999000Z,2026-05-31T21:52:57.999000Z,external_real_event,,,10.0,100.0,preprocessing_v1_0_6,AM.RCCE6.event.20260531T215223,RASPISHAKE,https://data.raspberryshake.org/fdsnws/dataselect/1/query,AM.RCCE6.event.20260531T215223
AM.RCCE6.event.20260531T221010,AM,RCCE6,00,EH?,2026-05-31T22:10:10.699000Z,2026-05-31T22:10:45.699000Z,external_real_event,,,10.0,100.0,preprocessing_v1_0_6,AM.RCCE6.event.20260531T221010,RASPISHAKE,https://data.raspberryshake.org/fdsnws/dataselect/1/query,AM.RCCE6.event.20260531T221010
AM.RCCE6.event.20260531T221901,AM,RCCE6,00,EH?,2026-05-31T22:19:01.159000Z,2026-05-31T22:19:36.159000Z,external_real_event,,,10.0,100.0,preprocessing_v1_0_6,AM.RCCE6.event.20260531T221901,RASPISHAKE,https://data.raspberryshake.org/fdsnws/dataselect/1/query,AM.RCCE6.event.20260531T221901
AM.RD349.event.20251224T035208,AM,RD349,00,EH?,2025-12-24T03:52:08.117000Z,2025-12-24T03:52:43.117000Z,external_real_event,,,10.0,100.0,preprocessing_v1_0_6,AM.RD349.event.20251224T035208,RASPISHAKE,https://data.raspberryshake.org/fdsnws/dataselect/1/query,AM.RD349.event.20251224T035208
AM.RD349.event.20260109T183936,AM,RD349,00,EH?,2026-01-09T18:39:36.787000Z,2026-01-09T18:40:11.787000Z,external_real_event,,,10.0,100.0,preprocessing_v1_0_6,AM.RD349.event.20260109T183936,RASPISHAKE,https://data.raspberryshake.org/fdsnws/dataselect/1/query,AM.RD349.event.20260109T183936
AM.RD349.event.20260205T195418,AM,RD349,00,EH?,2026-02-05T19:54:18.477000Z,2026-02-05T19:54:53.477000Z,external_real_event,,,10.0,100.0,preprocessing_v1_0_6,AM.RD349.event.20260205T195418,RASPISHAKE,https://data.raspberryshake.org/fdsnws/dataselect/1/query,AM.RD349.event.20260205T195418
AM.RD349.event.20260216T200456,AM,RD349,00,EH?,2026-02-16T20:04:56.666000Z,2026-02-16T20:05:31.666000Z,external_real_event,,,10.0,100.0,preprocessing_v1_0_6,AM.RD349.event.20260216T200456,RASPISHAKE,https://data.raspberryshake.org/fdsnws/dataselect/1/query,AM.RD349.event.20260216T200456
AM.RD349.event.20260301T190036,AM,RD349,00,EH?,2026-03-01T19:00:36.776000Z,2026-03-01T19:01:11.776000Z,external_real_event,,,10.0,100.0,preprocessing_v1_0_6,AM.RD349.event.20260301T190036,RASPISHAKE,https://data.raspberryshake.org/fdsnws/dataselect/1/query,AM.RD349.event.20260301T190036
AM.RD349.event.20260303T172507,AM,RD349,00,EH?,2026-03-03T17:25:07.266000Z,2026-03-03T17:25:42.266000Z,external_real_event,,,10.0,100.0,preprocessing_v1_0_6,AM.RD349.event.20260303T172507,RASPISHAKE,https://data.raspberryshake.org/fdsnws/dataselect/1/query,AM.RD349.event.20260303T172507
AM.RD349.event.20260304T153528,AM,RD349,00,EH?,2026-03-04T15:35:28.816000Z,2026-03-04T15:36:03.816000Z,external_real_event,,,10.0,100.0,preprocessing_v1_0_6,AM.RD349.event.20260304T153528,RASPISHAKE,https://data.raspberryshake.org/fdsnws/dataselect/1/query,AM.RD349.event.20260304T153528
AM.RD349.event.20260326T081116,AM,RD349,00,EH?,2026-03-26T08:11:16.466000Z,2026-03-26T08:11:51.466000Z,external_real_event,,,10.0,100.0,preprocessing_v1_0_6,AM.RD349.event.20260326T081116,RASPISHAKE,https://data.raspberryshake.org/fdsnws/dataselect/1/query,AM.RD349.event.20260326T081116
AM.RE8DB.event.20251028T084426,AM,RE8DB,00,EH?,2025-10-28T08:44:26.869000Z,2025-10-28T08:45:01.869000Z,external_real_event,,,10.0,100.0,preprocessing_v1_0_6,AM.RE8DB.event.20251028T084426,RASPISHAKE,https://data.raspberryshake.org/fdsnws/dataselect/1/query,AM.RE8DB.event.20251028T084426
AM.RE8DB.event.20251121T033551,AM,RE8DB,00,EH?,2025-11-21T03:35:51.652000Z,2025-11-21T03:36:26.652000Z,external_real_event,,,10.0,100.0,preprocessing_v1_0_6,AM.RE8DB.event.20251121T033551,RASPISHAKE,https://data.raspberryshake.org/fdsnws/dataselect/1/query,AM.RE8DB.event.20251121T033551
AM.RE8DB.event.20251221T070425,AM,RE8DB,00,EH?,2025-12-21T07:04:25.032000Z,2025-12-21T07:05:00.032000Z,external_real_event,,,10.0,100.0,preprocessing_v1_0_6,AM.RE8DB.event.20251221T070425,RASPISHAKE,https://data.raspberryshake.org/fdsnws/dataselect/1/query,AM.RE8DB.event.20251221T070425
AM.RE8DB.event.20251227T104252,AM,RE8DB,00,EH?,2025-12-27T10:42:52.232000Z,2025-12-27T10:43:27.232000Z,external_real_event,,,10.0,100.0,preprocessing_v1_0_6,AM.RE8DB.event.20251227T104252,RASPISHAKE,https://data.raspberryshake.org/fdsnws/dataselect/1/query,AM.RE8DB.event.20251227T104252
AM.RE8DB.event.20260120T230945,AM,RE8DB,00,EH?,2026-01-20T23:09:45.512000Z,2026-01-20T23:10:20.512000Z,external_real_event,,,10.0,100.0,preprocessing_v1_0_6,AM.RE8DB.event.20260120T230945,RASPISHAKE,https://data.raspberryshake.org/fdsnws/dataselect/1/query,AM.RE8DB.event.20260120T230945
AM.RE8DB.event.20260219T111639,AM,RE8DB,00,EH?,2026-02-19T11:16:39.207000Z,2026-02-19T11:17:14.207000Z,external_real_event,,,10.0,100.0,preprocessing_v1_0_6,AM.RE8DB.event.20260219T111639,RASPISHAKE,https://data.raspberryshake.org/fdsnws/dataselect/1/query,AM.RE8DB.event.20260219T111639
AM.RE8DB.event.20260423T203420,AM,RE8DB,00,EH?,2026-04-23T20:34:20.310000Z,2026-04-23T20:34:55.310000Z,external_real_event,,,10.0,100.0,preprocessing_v1_0_6,AM.RE8DB.event.20260423T203420,RASPISHAKE,https://data.raspberryshake.org/fdsnws/dataselect/1/query,AM.RE8DB.event.20260423T203420
AM.RE8DB.event.20260531T055209,AM,RE8DB,00,EH?,2026-05-31T05:52:09.600000Z,2026-05-31T05:52:44.600000Z,external_real_event,,,10.0,100.0,preprocessing_v1_0_6,AM.RE8DB.event.20260531T055209,RASPISHAKE,https://data.raspberryshake.org/fdsnws/dataselect/1/query,AM.RE8DB.event.20260531T055209
